outing_id,number,title,notes,tags,text_overlay,duration,date,pitcher,hitter,inning,Away Score,Home Score,runners_on_base,outs,balls,strikes,pitch_result,pitch_type,velocity_mph,bip_type,bip_result,non_bip_result,top_or_bottom_letter,top_of_frame,inning_num,Away Team,Home Team,pitcherteam_score,pa_id,batting_order
1,458,"Davis, N. VS Stevenson, J.",Georgetown University vs Ohio State University,,,00:00:02.2,,"Davis, N.","Stevenson, J.",B7,6,5,-,0,0,0,Strike Taken,Fastball,86,"","",,B,0,7,Georgetown University,Ohio State University,6,1,1
1,459,"Davis, N. VS Stevenson, J.",Georgetown University vs Ohio State University,,,00:00:02.6,,"Davis, N.","Stevenson, J.",B7,6,5,-,0,0,1,Foul,Fastball,87,"","",,B,0,7,Georgetown University,Ohio State University,6,1,1
1,460,"Davis, N. VS Stevenson, J.",Georgetown University vs Ohio State University,,,00:00:02.2,,"Davis, N.","Stevenson, J.",B7,6,5,-,0,0,2,Ball,Fastball,88,"","",,B,0,7,Georgetown University,Ohio State University,6,1,1
1,461,"Davis, N. VS Stevenson, J.",Georgetown University vs Ohio State University,,,00:00:02.4,,"Davis, N.","Stevenson, J.",B7,6,5,-,0,1,2,Foul,Slider,82,"","",,B,0,7,Georgetown University,Ohio State University,6,1,1
1,462,"Davis, N. VS Stevenson, J.",Georgetown University vs Ohio State University,,,00:00:02.5,,"Davis, N.","Stevenson, J.",B7,6,5,-,0,1,2,Ball,Slider,80,"","",,B,0,7,Georgetown University,Ohio State University,6,1,1
1,463,"Davis, N. VS Stevenson, J.",Georgetown University vs Ohio State University,,,00:00:02.8,,"Davis, N.","Stevenson, J.",B7,6,5,-,0,2,2,Ball,Slider,80,"","",,B,0,7,Georgetown University,Ohio State University,6,1,1
1,464,"Davis, N. VS Stevenson, J.",Georgetown University vs Ohio State University,,,00:00:05.8,,"Davis, N.","Stevenson, J.",B7,6,5,-,0,3,2,BIP,Fastball,88,Ground Ball,Groundout,,B,0,7,Georgetown University,Ohio State University,6,1,1
1,465,"Davis, N. VS Lipsey, T.",Georgetown University vs Ohio State University,,,00:00:03.5,,"Davis, N.","Lipsey, T.",B7,6,5,-,1,0,0,Ball,Slider,77,"","",Hit By Pitch,B,0,7,Georgetown University,Ohio State University,6,2,2
1,466,"Davis, N. VS Thomas, H.",Georgetown University vs Ohio State University,,,00:00:02.9,,"Davis, N.","Thomas, H.",B7,6,5,1B,1,0,0,Ball,Fastball,87,"","",,B,0,7,Georgetown University,Ohio State University,6,3,3
1,467,"Davis, N. VS Thomas, H.",Georgetown University vs Ohio State University,,,00:00:06.4,,"Davis, N.","Thomas, H.",B7,6,5,1B,1,1,0,Ball,Fastball,88,"","",,B,0,7,Georgetown University,Ohio State University,6,3,3
1,468,"Davis, N. VS Thomas, H.",Georgetown University vs Ohio State University,,,00:00:07.1,,"Davis, N.","Thomas, H.",B7,6,5,2B,1,2,0,BIP,Slider,80,Fly Ball,Flyout,,B,0,7,Georgetown University,Ohio State University,6,3,3
1,469,"Davis, N. VS Giamarusti, N.",Georgetown University vs Ohio State University,,,00:00:02.6,,"Davis, N.","Giamarusti, N.",B7,6,5,2B,2,0,0,Ball,Slider,81,"","",,B,0,7,Georgetown University,Ohio State University,6,4,4
1,470,"Davis, N. VS Giamarusti, N.",Georgetown University vs Ohio State University,,,00:00:02.4,,"Davis, N.","Giamarusti, N.",B7,6,5,2B,2,1,0,Strike Taken,Slider,80,"","",,B,0,7,Georgetown University,Ohio State University,6,4,4
1,471,"Davis, N. VS Giamarusti, N.",Georgetown University vs Ohio State University,,,00:00:02.3,,"Davis, N.","Giamarusti, N.",B7,6,5,2B,2,1,1,Strike Taken,Slider,81,"","",,B,0,7,Georgetown University,Ohio State University,6,4,4
1,472,"Davis, N. VS Giamarusti, N.",Georgetown University vs Ohio State University,,,00:00:03.5,,"Davis, N.","Giamarusti, N.",B7,6,5,2B,2,1,2,Ball,Fastball,87,"","",,B,0,7,Georgetown University,Ohio State University,6,4,4
1,473,"Davis, N. VS Giamarusti, N.",Georgetown University vs Ohio State University,,,00:00:07.1,,"Davis, N.","Giamarusti, N.",B7,6,5,2B,2,2,2,BIP,Slider,81,Ground Ball,Groundout,,B,0,7,Georgetown University,Ohio State University,6,4,4
1,474,"Davis, N. VS Kaczmar, H.",Georgetown University vs Ohio State University,,,00:00:02.3,,"Davis, N.","Kaczmar, H.",B8,8,5,-,0,0,0,Strike Taken,Slider,80,"","",,B,0,8,Georgetown University,Ohio State University,8,5,5
1,475,"Davis, N. VS Kaczmar, H.",Georgetown University vs Ohio State University,,,00:00:09.3,,"Davis, N.","Kaczmar, H.",B8,8,5,-,0,0,1,BIP,Fastball,87,Fly Ball,Flyout,,B,0,8,Georgetown University,Ohio State University,8,5,5
1,476,"Davis, N. VS Graveline, M.",Georgetown University vs Ohio State University,,,00:00:02.2,,"Davis, N.","Graveline, M.",B8,8,5,-,1,0,0,Ball,Fastball,85,"","",,B,0,8,Georgetown University,Ohio State University,8,6,6
1,477,"Davis, N. VS Graveline, M.",Georgetown University vs Ohio State University,,,00:00:02.3,,"Davis, N.","Graveline, M.",B8,8,5,-,1,1,0,Ball,Slider,80,"","",,B,0,8,Georgetown University,Ohio State University,8,6,6
1,478,"Davis, N. VS Graveline, M.",Georgetown University vs Ohio State University,,,00:00:02.2,,"Davis, N.","Graveline, M.",B8,8,5,-,1,2,0,Ball,Slider,79,"","",,B,0,8,Georgetown University,Ohio State University,8,6,6
1,479,"Davis, N. VS Graveline, M.",Georgetown University vs Ohio State University,,,00:00:02.2,,"Davis, N.","Graveline, M.",B8,8,5,-,1,3,0,Strike Taken,Fastball,86,"","",,B,0,8,Georgetown University,Ohio State University,8,6,6
1,480,"Davis, N. VS Graveline, M.",Georgetown University vs Ohio State University,,,00:00:02.6,,"Davis, N.","Graveline, M.",B8,8,5,-,1,3,1,Strike Taken,Fastball,86,"","",,B,0,8,Georgetown University,Ohio State University,8,6,6
1,481,"Davis, N. VS Graveline, M.",Georgetown University vs Ohio State University,,,00:00:15.7,,"Davis, N.","Graveline, M.",B8,8,5,-,1,3,2,BIP,Fastball,87,Fly Ball,Double,,B,0,8,Georgetown University,Ohio State University,8,6,6
1,482,"Davis, N. VS Pettorini, T.",Georgetown University vs Ohio State University,,,00:00:02.2,,"Davis, N.","Pettorini, T.",B8,8,5,-,2,0,0,Strike Taken,Fastball,86,"","",,B,0,8,Georgetown University,Ohio State University,8,7,7
1,483,"Davis, N. VS Pettorini, T.",Georgetown University vs Ohio State University,,,00:00:02.3,,"Davis, N.","Pettorini, T.",B8,8,5,-,2,0,1,Strike Taken,Slider,80,"","",,B,0,8,Georgetown University,Ohio State University,8,7,7
1,484,"Davis, N. VS Pettorini, T.",Georgetown University vs Ohio State University,,,00:00:02.6,,"Davis, N.","Pettorini, T.",B8,8,5,-,2,0,2,Ball,Fastball,88,"","",,B,0,8,Georgetown University,Ohio State University,8,7,7
1,485,"Davis, N. VS Pettorini, T.",Georgetown University vs Ohio State University,,,00:00:07.2,,"Davis, N.","Pettorini, T.",B8,8,5,-,2,1,2,BIP,Fastball,88,Ground Ball,Groundout,,B,0,8,Georgetown University,Ohio State University,8,7,7
1,486,"Davis, N. VS Mershon, J.",Georgetown University vs Ohio State University,,,00:00:02.1,,"Davis, N.","Mershon, J.",B9,8,5,-,0,0,0,Ball,Fastball,87,"","",,B,0,9,Georgetown University,Ohio State University,8,8,8
1,487,"Davis, N. VS Mershon, J.",Georgetown University vs Ohio State University,,,00:00:02.3,,"Davis, N.","Mershon, J.",B9,8,5,-,0,1,0,Strike Taken,Fastball,87,"","",,B,0,9,Georgetown University,Ohio State University,8,8,8
1,488,"Davis, N. VS Mershon, J.",Georgetown University vs Ohio State University,,,00:00:04.2,,"Davis, N.","Mershon, J.",B9,8,5,-,0,1,1,Ball,Slider,80,"","",,B,0,9,Georgetown University,Ohio State University,8,8,8
1,489,"Davis, N. VS Mershon, J.",Georgetown University vs Ohio State University,,,00:00:02.5,,"Davis, N.","Mershon, J.",B9,8,5,-,0,2,1,Strike Taken,Slider,81,"","",,B,0,9,Georgetown University,Ohio State University,8,8,8
1,490,"Davis, N. VS Mershon, J.",Georgetown University vs Ohio State University,,,00:00:03.8,,"Davis, N.","Mershon, J.",B9,8,5,-,0,2,2,Ball,Fastball,87,"","",,B,0,9,Georgetown University,Ohio State University,8,8,8
1,491,"Davis, N. VS Mershon, J.",Georgetown University vs Ohio State University,,,00:00:07.2,,"Davis, N.","Mershon, J.",B9,8,5,-,0,3,2,BIP,Slider,81,Ground Ball,Groundout,,B,0,9,Georgetown University,Ohio State University,8,8,8
1,492,"Davis, N. VS Okuley, M.",Georgetown University vs Ohio State University,,,00:00:02.1,,"Davis, N.","Okuley, M.",B9,8,5,-,1,0,0,Ball,Fastball,88,"","",,B,0,9,Georgetown University,Ohio State University,8,9,9
1,493,"Davis, N. VS Okuley, M.",Georgetown University vs Ohio State University,,,00:00:02.2,,"Davis, N.","Okuley, M.",B9,8,5,-,1,1,0,Ball,Fastball,86,"","",,B,0,9,Georgetown University,Ohio State University,8,9,9
1,494,"Davis, N. VS Okuley, M.",Georgetown University vs Ohio State University,,,00:00:02.4,,"Davis, N.","Okuley, M.",B9,8,5,-,1,2,0,Strike Taken,Slider,80,"","",,B,0,9,Georgetown University,Ohio State University,8,9,9
1,495,"Davis, N. VS Okuley, M.",Georgetown University vs Ohio State University,,,00:00:03.6,,"Davis, N.","Okuley, M.",B9,8,5,-,1,2,1,Foul,Slider,81,"","",,B,0,9,Georgetown University,Ohio State University,8,9,9
1,496,"Davis, N. VS Okuley, M.",Georgetown University vs Ohio State University,,,00:00:03.1,,"Davis, N.","Okuley, M.",B9,8,5,-,1,2,2,Ball,Slider,80,"","",,B,0,9,Georgetown University,Ohio State University,8,9,9
1,497,"Davis, N. VS Okuley, M.",Georgetown University vs Ohio State University,,,00:00:03.4,,"Davis, N.","Okuley, M.",B9,8,5,-,1,3,2,Ball,Slider,80,"","",Walk,B,0,9,Georgetown University,Ohio State University,8,9,9
1,498,"Davis, N. VS Stevenson, J.",Georgetown University vs Ohio State University,,,00:00:02.8,,"Davis, N.","Stevenson, J.",B9,8,5,1B,1,0,0,Ball,Fastball,86,"","",,B,0,9,Georgetown University,Ohio State University,8,10,1
1,499,"Davis, N. VS Stevenson, J.",Georgetown University vs Ohio State University,,,00:00:03.9,,"Davis, N.","Stevenson, J.",B9,8,5,1B,1,1,0,Ball,Fastball,87,"","",,B,0,9,Georgetown University,Ohio State University,8,10,1
1,500,"Davis, N. VS Stevenson, J.",Georgetown University vs Ohio State University,,,00:00:02.9,,"Davis, N.","Stevenson, J.",B9,8,5,1B,1,2,0,Strike Taken,Slider,80,"","",,B,0,9,Georgetown University,Ohio State University,8,10,1
1,501,"Davis, N. VS Stevenson, J.",Georgetown University vs Ohio State University,,,00:00:02.9,,"Davis, N.","Stevenson, J.",B9,8,5,1B,1,2,1,Strike Taken,Slider,79,"","",,B,0,9,Georgetown University,Ohio State University,8,10,1
1,502,"Davis, N. VS Stevenson, J.",Georgetown University vs Ohio State University,,,00:00:06.4,,"Davis, N.","Stevenson, J.",B9,8,5,1B,1,2,2,Foul,Slider,80,"","",,B,0,9,Georgetown University,Ohio State University,8,10,1
1,503,"Davis, N. VS Stevenson, J.",Georgetown University vs Ohio State University,,,00:00:02.8,,"Davis, N.","Stevenson, J.",B9,8,5,1B,1,2,2,Ball,Fastball,89,"","",,B,0,9,Georgetown University,Ohio State University,8,10,1
1,504,"Davis, N. VS Stevenson, J.",Georgetown University vs Ohio State University,,,00:00:10.3,,"Davis, N.","Stevenson, J.",B9,8,5,1B,1,3,2,BIP,Slider,80,Popup,Single,,B,0,9,Georgetown University,Ohio State University,8,10,1
1,505,"Davis, N. VS Lipsey, T.",Georgetown University vs Ohio State University,,,00:00:02.5,,"Davis, N.","Lipsey, T.",B9,8,5,1B-2B,1,0,0,Strike Taken,Slider,78,"","",,B,0,9,Georgetown University,Ohio State University,8,11,2
1,506,"Davis, N. VS Lipsey, T.",Georgetown University vs Ohio State University,,,00:00:02.6,,"Davis, N.","Lipsey, T.",B9,8,5,1B-2B,1,0,1,Foul,Slider,78,"","",,B,0,9,Georgetown University,Ohio State University,8,11,2
1,507,"Davis, N. VS Lipsey, T.",Georgetown University vs Ohio State University,,,00:00:02.6,,"Davis, N.","Lipsey, T.",B9,8,5,1B-2B,1,0,2,Ball,Slider,81,"","",,B,0,9,Georgetown University,Ohio State University,8,11,2
1,508,"Davis, N. VS Lipsey, T.",Georgetown University vs Ohio State University,,,00:00:03.6,,"Davis, N.","Lipsey, T.",B9,8,5,1B-2B,1,1,2,Ball,Slider,80,"","",,B,0,9,Georgetown University,Ohio State University,8,11,2
1,509,"Davis, N. VS Lipsey, T.",Georgetown University vs Ohio State University,,,00:00:02.9,,"Davis, N.","Lipsey, T.",B9,8,5,1B-2B,1,2,2,Ball,Slider,78,"","",,B,0,9,Georgetown University,Ohio State University,8,11,2
1,510,"Davis, N. VS Lipsey, T.",Georgetown University vs Ohio State University,,,00:00:09.3,,"Davis, N.","Lipsey, T.",B9,8,5,1B-2B,1,3,2,BIP,Slider,78,Fly Ball,Flyout,,B,0,9,Georgetown University,Ohio State University,8,11,2
1,511,"Davis, N. VS Thomas, H.",Georgetown University vs Ohio State University,,,00:00:02.4,,"Davis, N.","Thomas, H.",B9,8,5,1B-2B,2,0,0,Ball,Slider,79,"","",,B,0,9,Georgetown University,Ohio State University,8,12,3
1,512,"Davis, N. VS Thomas, H.",Georgetown University vs Ohio State University,,,00:00:02.3,,"Davis, N.","Thomas, H.",B9,8,5,1B-2B,2,1,0,Strike Taken,Slider,78,"","",,B,0,9,Georgetown University,Ohio State University,8,12,3
1,513,"Davis, N. VS Thomas, H.",Georgetown University vs Ohio State University,,,00:00:03.4,,"Davis, N.","Thomas, H.",B9,8,5,1B-2B,2,1,1,Foul,Slider,80,"","",,B,0,9,Georgetown University,Ohio State University,8,12,3
1,514,"Davis, N. VS Thomas, H.",Georgetown University vs Ohio State University,,,00:00:02.5,,"Davis, N.","Thomas, H.",B9,8,5,1B-2B,2,1,2,Ball,Fastball,87,"","",,B,0,9,Georgetown University,Ohio State University,8,12,3
1,515,"Davis, N. VS Thomas, H.",Georgetown University vs Ohio State University,,,00:00:03.9,,"Davis, N.","Thomas, H.",B9,8,5,1B-2B,2,2,2,Ball,Slider,81,"","",,B,0,9,Georgetown University,Ohio State University,8,12,3
1,516,"Davis, N. VS Thomas, H.",Georgetown University vs Ohio State University,,,00:00:02.9,,"Davis, N.","Thomas, H.",B9,8,5,1B-2B,2,3,2,Foul,Slider,80,"","",,B,0,9,Georgetown University,Ohio State University,8,12,3
1,517,"Davis, N. VS Thomas, H.",Georgetown University vs Ohio State University,,,00:00:08.1,,"Davis, N.","Thomas, H.",B9,8,5,1B-2B,2,3,2,BIP,Slider,81,Fly Ball,Flyout,,B,0,9,Georgetown University,Ohio State University,8,12,3
2,984,"Davis, N. VS Vitucci, J.",University at Albany vs Georgetown University,,,00:00:02.1,,"Davis, N.","Vitucci, J.",T6,2,3,1B-2B-3B,2,0,0,Ball,Fastball,91,"","",,T,1,6,University at Albany,Georgetown University,3,1,1
2,985,"Davis, N. VS Vitucci, J.",University at Albany vs Georgetown University,,,00:00:02.3,,"Davis, N.","Vitucci, J.",T6,2,3,1B-2B-3B,2,1,0,Strike Taken,Slider,85,"","",,T,1,6,University at Albany,Georgetown University,3,1,1
2,986,"Davis, N. VS Vitucci, J.",University at Albany vs Georgetown University,,,00:00:02.6,,"Davis, N.","Vitucci, J.",T6,2,3,1B-2B-3B,2,1,1,Foul,Fastball,91,"","",,T,1,6,University at Albany,Georgetown University,3,1,1
2,987,"Davis, N. VS Vitucci, J.",University at Albany vs Georgetown University,,,00:00:02.4,,"Davis, N.","Vitucci, J.",T6,2,3,1B-2B-3B,2,1,2,Ball,Fastball,91,"","",,T,1,6,University at Albany,Georgetown University,3,1,1
2,988,"Davis, N. VS Vitucci, J.",University at Albany vs Georgetown University,,,00:00:02.8,,"Davis, N.","Vitucci, J.",T6,2,3,1B-2B-3B,2,2,2,Strike Swinging,Slider,86,"","",Strikeout,T,1,6,University at Albany,Georgetown University,3,1,1
2,989,"Davis, N. VS Myers, L.",University at Albany vs Georgetown University,,,00:00:03.6,,"Davis, N.","Myers, L.",T7,2,5,-,0,0,0,Strike Swinging,Slider,84,"","",,T,1,7,University at Albany,Georgetown University,5,2,2
2,990,"Davis, N. VS Myers, L.",University at Albany vs Georgetown University,,,00:00:04.3,,"Davis, N.","Myers, L.",T7,2,5,-,0,0,1,Foul,Slider,84,"","",,T,1,7,University at Albany,Georgetown University,5,2,2
2,991,"Davis, N. VS Myers, L.",University at Albany vs Georgetown University,,,00:00:02.5,,"Davis, N.","Myers, L.",T7,2,5,-,0,0,2,Strike Swinging,Slider,85,"","",Strikeout,T,1,7,University at Albany,Georgetown University,5,2,2
2,992,"Davis, N. VS Binder, W.",University at Albany vs Georgetown University,,,00:00:02.0,,"Davis, N.","Binder, W.",T7,2,5,-,1,0,0,Ball,Fastball,91,"","",,T,1,7,University at Albany,Georgetown University,5,3,3
2,993,"Davis, N. VS Binder, W.",University at Albany vs Georgetown University,,,00:00:12.9,,"Davis, N.","Binder, W.",T7,2,5,-,1,1,0,BIP,Slider,85,Fly Ball,Double,,T,1,7,University at Albany,Georgetown University,5,3,3
2,994,"Davis, N. VS Toby, J.",University at Albany vs Georgetown University,,,00:00:02.1,,"Davis, N.","Toby, J.",T7,2,5,2B,1,0,0,Strike Taken,Fastball,93,"","",,T,1,7,University at Albany,Georgetown University,5,4,4
2,995,"Davis, N. VS Toby, J.",University at Albany vs Georgetown University,,,00:00:02.1,,"Davis, N.","Toby, J.",T7,2,5,2B,1,0,1,Ball,Fastball,92,"","",,T,1,7,University at Albany,Georgetown University,5,4,4
2,996,"Davis, N. VS Toby, J.",University at Albany vs Georgetown University,,,00:00:02.2,,"Davis, N.","Toby, J.",T7,2,5,2B,1,1,1,Strike Taken,Fastball,92,"","",,T,1,7,University at Albany,Georgetown University,5,4,4
2,997,"Davis, N. VS Toby, J.",University at Albany vs Georgetown University,,,00:00:03.3,,"Davis, N.","Toby, J.",T7,2,5,2B,1,1,2,Strike Swinging,Slider,85,"","",Strikeout,T,1,7,University at Albany,Georgetown University,5,4,4
2,998,"Davis, N. VS Filippi, L.",University at Albany vs Georgetown University,,,00:00:02.2,,"Davis, N.","Filippi, L.",T7,2,5,2B,2,0,0,Strike Taken,Slider,85,"","",,T,1,7,University at Albany,Georgetown University,5,5,5
2,999,"Davis, N. VS Filippi, L.",University at Albany vs Georgetown University,,,00:00:02.2,,"Davis, N.","Filippi, L.",T7,2,5,2B,2,0,1,Strike Taken,Slider,84,"","",,T,1,7,University at Albany,Georgetown University,5,5,5
2,1000,"Davis, N. VS Filippi, L.",University at Albany vs Georgetown University,,,00:00:02.9,,"Davis, N.","Filippi, L.",T7,2,5,2B,2,0,2,Strike Swinging,Fastball,93,"","",Strikeout,T,1,7,University at Albany,Georgetown University,5,5,5
2,1001,"Davis, N. VS Ferremi, R.",University at Albany vs Georgetown University,,,00:00:03.0,,"Davis, N.","Ferremi, R.",T8,2,5,-,0,0,0,Foul,Fastball,92,"","",,T,1,8,University at Albany,Georgetown University,5,6,6
2,1002,"Davis, N. VS Ferremi, R.",University at Albany vs Georgetown University,,,00:00:02.0,,"Davis, N.","Ferremi, R.",T8,2,5,-,0,0,1,Ball,Slider,84,"","",,T,1,8,University at Albany,Georgetown University,5,6,6
2,1003,"Davis, N. VS Ferremi, R.",University at Albany vs Georgetown University,,,00:00:09.8,,"Davis, N.","Ferremi, R.",T8,2,5,-,0,1,1,BIP,Fastball,91,Fly Ball,Flyout,,T,1,8,University at Albany,Georgetown University,5,6,6
2,1004,"Davis, N. VS Loyal, C.",University at Albany vs Georgetown University,,,00:00:02.1,,"Davis, N.","Loyal, C.",T8,2,5,-,1,0,0,Ball,Fastball,92,"","",,T,1,8,University at Albany,Georgetown University,5,7,7
2,1005,"Davis, N. VS Loyal, C.",University at Albany vs Georgetown University,,,00:00:02.2,,"Davis, N.","Loyal, C.",T8,2,5,-,1,1,0,Strike Taken,Slider,83,"","",,T,1,8,University at Albany,Georgetown University,5,7,7
2,1006,"Davis, N. VS Loyal, C.",University at Albany vs Georgetown University,,,00:00:02.7,,"Davis, N.","Loyal, C.",T8,2,5,-,1,1,1,Ball,Slider,84,"","",,T,1,8,University at Albany,Georgetown University,5,7,7
2,1007,"Davis, N. VS Loyal, C.",University at Albany vs Georgetown University,,,00:00:02.2,,"Davis, N.","Loyal, C.",T8,2,5,-,1,2,1,Ball,Fastball,92,"","",,T,1,8,University at Albany,Georgetown University,5,7,7
2,1008,"Davis, N. VS Loyal, C.",University at Albany vs Georgetown University,,,00:00:02.1,,"Davis, N.","Loyal, C.",T8,2,5,-,1,3,1,Strike Taken,Slider,85,"","",,T,1,8,University at Albany,Georgetown University,5,7,7
2,1009,"Davis, N. VS Loyal, C.",University at Albany vs Georgetown University,,,00:00:04.9,,"Davis, N.","Loyal, C.",T8,2,5,-,1,3,2,Strike Swinging,Slider,85,"","",Strikeout,T,1,8,University at Albany,Georgetown University,5,7,7
2,1010,"Davis, N. VS Mcelwee, T.",University at Albany vs Georgetown University,,,00:00:02.2,,"Davis, N.","Mcelwee, T.",T8,2,5,-,2,0,0,Strike Taken,Slider,85,"","",,T,1,8,University at Albany,Georgetown University,5,8,8
2,1011,"Davis, N. VS Mcelwee, T.",University at Albany vs Georgetown University,,,00:00:02.1,,"Davis, N.","Mcelwee, T.",T8,2,5,-,2,0,1,Strike Taken,Slider,84,"","",,T,1,8,University at Albany,Georgetown University,5,8,8
2,1012,"Davis, N. VS Mcelwee, T.",University at Albany vs Georgetown University,,,00:00:08.6,,"Davis, N.","Mcelwee, T.",T8,2,5,-,2,0,2,BIP,Slider,85,Line Drive,Single,,T,1,8,University at Albany,Georgetown University,5,8,8
2,1013,"Davis, N. VS Prisco, M.",University at Albany vs Georgetown University,,,00:00:02.7,,"Davis, N.","Prisco, M.",T8,2,5,1B,2,0,0,Strike Taken,Slider,84,"","",,T,1,8,University at Albany,Georgetown University,5,9,9
2,1014,"Davis, N. VS Prisco, M.",University at Albany vs Georgetown University,,,00:00:02.5,,"Davis, N.","Prisco, M.",T8,2,5,1B,2,0,1,Strike Taken,Slider,83,"","",,T,1,8,University at Albany,Georgetown University,5,9,9
2,1015,"Davis, N. VS Prisco, M.",University at Albany vs Georgetown University,,,00:00:02.9,,"Davis, N.","Prisco, M.",T8,2,5,1B,2,0,2,Ball,Fastball,91,"","",,T,1,8,University at Albany,Georgetown University,5,9,9
2,1016,"Davis, N. VS Prisco, M.",University at Albany vs Georgetown University,,,00:00:02.9,,"Davis, N.","Prisco, M.",T8,2,5,1B,2,1,2,Strike Taken,Slider,83,"","",Strikeout,T,1,8,University at Albany,Georgetown University,5,9,9
2,1017,"Davis, N. VS Vitucci, J.",University at Albany vs Georgetown University,,,00:00:08.6,,"Davis, N.","Vitucci, J.",T9,2,7,-,0,0,0,BIP,Fastball,89,Ground Ball,Field Error,,T,1,9,University at Albany,Georgetown University,7,10,1
2,1018,"Davis, N. VS Myers, L.",University at Albany vs Georgetown University,,,00:00:02.3,,"Davis, N.","Myers, L.",T9,2,7,1B,0,0,0,Ball,Slider,81,"","",,T,1,9,University at Albany,Georgetown University,7,11,2
2,1019,"Davis, N. VS Myers, L.",University at Albany vs Georgetown University,,,00:00:02.2,,"Davis, N.","Myers, L.",T9,2,7,1B,0,1,0,Strike Taken,Slider,83,"","",,T,1,9,University at Albany,Georgetown University,7,11,2
2,1020,"Davis, N. VS Myers, L.",University at Albany vs Georgetown University,,,00:00:02.1,,"Davis, N.","Myers, L.",T9,2,7,1B,0,1,1,Ball,Fastball,90,"","",,T,1,9,University at Albany,Georgetown University,7,11,2
2,1021,"Davis, N. VS Myers, L.",University at Albany vs Georgetown University,,,00:00:02.9,,"Davis, N.","Myers, L.",T9,2,7,1B,0,2,1,Ball,Slider,82,"","",,T,1,9,University at Albany,Georgetown University,7,11,2
2,1022,"Davis, N. VS Myers, L.",University at Albany vs Georgetown University,,,00:00:02.9,,"Davis, N.","Myers, L.",T9,2,7,1B,0,3,1,Ball,Slider,85,"","",Walk,T,1,9,University at Albany,Georgetown University,7,11,2
2,1023,"Davis, N. VS Binder, W.",University at Albany vs Georgetown University,,,00:00:02.9,,"Davis, N.","Binder, W.",T9,2,7,1B-2B,0,0,0,Strike Swinging,Slider,83,"","",,T,1,9,University at Albany,Georgetown University,7,12,3
2,1024,"Davis, N. VS Binder, W.",University at Albany vs Georgetown University,,,00:00:02.9,,"Davis, N.","Binder, W.",T9,2,7,1B-2B,0,0,1,Strike Swinging,Slider,85,"","",,T,1,9,University at Albany,Georgetown University,7,12,3
2,1025,"Davis, N. VS Binder, W.",University at Albany vs Georgetown University,,,00:00:04.6,,"Davis, N.","Binder, W.",T9,2,7,1B-2B,0,0,2,Foul,Fastball,92,"","",,T,1,9,University at Albany,Georgetown University,7,12,3
2,1026,"Davis, N. VS Binder, W.",University at Albany vs Georgetown University,,,00:00:09.3,,"Davis, N.","Binder, W.",T9,2,7,1B-2B,0,0,2,BIP,Slider,84,Fly Ball,Flyout,,T,1,9,University at Albany,Georgetown University,7,12,3
2,1027,"Davis, N. VS Toby, J.",University at Albany vs Georgetown University,,,00:00:02.4,,"Davis, N.","Toby, J.",T9,2,7,1B-2B,1,0,0,Ball,Fastball,94,"","",,T,1,9,University at Albany,Georgetown University,7,13,4
2,1028,"Davis, N. VS Toby, J.",University at Albany vs Georgetown University,,,00:00:02.2,,"Davis, N.","Toby, J.",T9,2,7,1B-2B,1,1,0,Strike Taken,Slider,84,"","",,T,1,9,University at Albany,Georgetown University,7,13,4
2,1029,"Davis, N. VS Toby, J.",University at Albany vs Georgetown University,,,00:00:02.5,,"Davis, N.","Toby, J.",T9,2,7,1B-2B,1,1,1,Strike Taken,Slider,84,"","",,T,1,9,University at Albany,Georgetown University,7,13,4
2,1030,"Davis, N. VS Toby, J.",University at Albany vs Georgetown University,,,00:00:02.7,,"Davis, N.","Toby, J.",T9,2,7,1B-2B,1,1,2,Ball,Slider,85,"","",,T,1,9,University at Albany,Georgetown University,7,13,4
2,1031,"Davis, N. VS Toby, J.",University at Albany vs Georgetown University,,,00:00:09.1,,"Davis, N.","Toby, J.",T9,2,7,1B-2B,1,2,2,BIP,Fastball,92,Fly Ball,Home Run,,T,1,9,University at Albany,Georgetown University,7,13,4
3,1647,"Davis, N. VS Wright, A.",Georgetown University vs George Washington University,,,00:00:01.9,,"Davis, N.","Wright, A.",B9,8,5,-,0,0,0,Ball,Fastball,0,"","",,B,0,9,Georgetown University,George Washington University,8,1,1
3,1648,"Davis, N. VS Wright, A.",Georgetown University vs George Washington University,,,00:00:02.7,,"Davis, N.","Wright, A.",B9,8,5,-,0,1,0,Strike Swinging,Slider,81,"","",,B,0,9,Georgetown University,George Washington University,8,1,1
3,1649,"Davis, N. VS Wright, A.",Georgetown University vs George Washington University,,,00:00:10.8,,"Davis, N.","Wright, A.",B9,8,5,-,0,1,1,Foul,Fastball,90,"","",,B,0,9,Georgetown University,George Washington University,8,1,1
3,1650,"Davis, N. VS Wright, A.",Georgetown University vs George Washington University,,,00:00:06.9,,"Davis, N.","Wright, A.",B9,8,5,-,0,1,2,BIP,Fastball,90,Ground Ball,Single,,B,0,9,Georgetown University,George Washington University,8,1,1
3,1651,"Davis, N. VS Rogan, C.",Georgetown University vs George Washington University,,,00:00:02.2,,"Davis, N.","Rogan, C.",B9,8,5,1B,0,0,0,Strike Swinging,Fastball,89,"","",,B,0,9,Georgetown University,George Washington University,8,2,2
3,1652,"Davis, N. VS Rogan, C.",Georgetown University vs George Washington University,,,00:00:08.9,,"Davis, N.","Rogan, C.",B9,8,5,1B,0,0,1,BIP,Fastball,89,Ground Ball,Single,,B,0,9,Georgetown University,George Washington University,8,2,2
3,1653,"Davis, N. VS Mullen, N.",Georgetown University vs George Washington University,,,00:00:06.6,,"Davis, N.","Mullen, N.",B9,8,5,1B-3B,0,0,0,BIP,Slider,81,Ground Ball,Single,,B,0,9,Georgetown University,George Washington University,8,3,3
3,1654,"Davis, N. VS Wenz, J.",Georgetown University vs George Washington University,,,00:00:02.2,,"Davis, N.","Wenz, J.",B9,8,6,1B-2B,0,0,0,Strike Taken,Slider,81,"","",,B,0,9,Georgetown University,George Washington University,8,4,4
3,1655,"Davis, N. VS Wenz, J.",Georgetown University vs George Washington University,,,00:00:03.2,,"Davis, N.","Wenz, J.",B9,8,6,1B-2B,0,0,1,Foul Bunt,Fastball,90,"","",,B,0,9,Georgetown University,George Washington University,8,4,4
3,1656,"Davis, N. VS Wenz, J.",Georgetown University vs George Washington University,,,00:00:02.3,,"Davis, N.","Wenz, J.",B9,8,6,1B-2B,0,0,2,Ball,Slider,83,"","",,B,0,9,Georgetown University,George Washington University,8,4,4
3,1657,"Davis, N. VS Wenz, J.",Georgetown University vs George Washington University,,,00:00:03.0,,"Davis, N.","Wenz, J.",B9,8,6,1B-2B,0,1,2,Foul,Slider,83,"","",,B,0,9,Georgetown University,George Washington University,8,4,4
3,1658,"Davis, N. VS Wenz, J.",Georgetown University vs George Washington University,,,00:00:03.9,,"Davis, N.","Wenz, J.",B9,8,6,1B-2B,0,1,2,Ball,Slider,82,"","",,B,0,9,Georgetown University,George Washington University,8,4,4
3,1659,"Davis, N. VS Wenz, J.",Georgetown University vs George Washington University,,,00:00:09.7,,"Davis, N.","Wenz, J.",B9,8,6,1B-2B,0,2,2,Foul,Fastball,91,"","",,B,0,9,Georgetown University,George Washington University,8,4,4
3,1660,"Davis, N. VS Wenz, J.",Georgetown University vs George Washington University,,,00:00:02.9,,"Davis, N.","Wenz, J.",B9,8,6,1B-2B,0,2,2,Foul,Fastball,81,"","",,B,0,9,Georgetown University,George Washington University,8,4,4
3,1661,"Davis, N. VS Wenz, J.",Georgetown University vs George Washington University,,,00:00:02.8,,"Davis, N.","Wenz, J.",B9,8,6,1B-2B,0,2,2,Ball,Slider,82,"","",,B,0,9,Georgetown University,George Washington University,8,4,4
3,1662,"Davis, N. VS Wenz, J.",Georgetown University vs George Washington University,,,00:00:10.6,,"Davis, N.","Wenz, J.",B9,8,6,1B-2B,0,3,2,BIP,Slider,84,Fly Ball,Flyout,,B,0,9,Georgetown University,George Washington University,8,4,4
3,1663,"Davis, N. VS Gates, S.",Georgetown University vs George Washington University,,,00:00:02.6,,"Davis, N.","Gates, S.",B9,8,6,1B-3B,1,0,0,Strike Taken,Slider,83,"","",,B,0,9,Georgetown University,George Washington University,8,5,5
3,1664,"Davis, N. VS Gates, S.",Georgetown University vs George Washington University,,,00:00:02.4,,"Davis, N.","Gates, S.",B9,8,6,1B-3B,1,0,1,Strike Swinging,Slider,82,"","",,B,0,9,Georgetown University,George Washington University,8,5,5
3,1665,"Davis, N. VS Gates, S.",Georgetown University vs George Washington University,,,00:00:02.6,,"Davis, N.","Gates, S.",B9,8,6,1B-3B,1,0,2,Foul,Slider,82,"","",,B,0,9,Georgetown University,George Washington University,8,5,5
3,1666,"Davis, N. VS Gates, S.",Georgetown University vs George Washington University,,,00:00:02.3,,"Davis, N.","Gates, S.",B9,8,6,1B-3B,1,0,2,Ball,Fastball,90,"","",,B,0,9,Georgetown University,George Washington University,8,5,5
3,1667,"Davis, N. VS Gates, S.",Georgetown University vs George Washington University,,,00:00:04.2,,"Davis, N.","Gates, S.",B9,8,6,1B-3B,1,1,2,Strike Taken,Slider,83,"","",Strikeout,B,0,9,Georgetown University,George Washington University,8,5,5
3,1668,"Davis, N. VS DiTomaso, S.",Georgetown University vs George Washington University,,,00:00:02.7,,"Davis, N.","DiTomaso, S.",B9,8,6,1B-3B,2,0,0,Foul,Fastball,90,"","",,B,0,9,Georgetown University,George Washington University,8,6,6
3,1669,"Davis, N. VS DiTomaso, S.",Georgetown University vs George Washington University,,,00:00:02.9,,"Davis, N.","DiTomaso, S.",B9,8,6,1B-3B,2,0,1,Ball,Fastball,90,"","",,B,0,9,Georgetown University,George Washington University,8,6,6
3,1670,"Davis, N. VS DiTomaso, S.",Georgetown University vs George Washington University,,,00:00:04.9,,"Davis, N.","DiTomaso, S.",B9,8,6,1B-3B,2,1,1,Foul,Fastball,89,"","",,B,0,9,Georgetown University,George Washington University,8,6,6
4,2249,"Davis, N. VS Houston, M.",Georgetown University vs Wake Forest University,,,00:00:03.1,,"Davis, N.","Houston, M.",B6,6,9,2B-3B,2,0,0,Ball,Slider,83,"","",,B,0,6,Georgetown University,Wake Forest University,6,1,1
4,2250,"Davis, N. VS Houston, M.",Georgetown University vs Wake Forest University,,,00:00:08.8,,"Davis, N.","Houston, M.",B6,6,9,2B-3B,2,1,0,BIP,Slider,84,Fly Ball,Flyout,,B,0,6,Georgetown University,Wake Forest University,6,1,1
4,2251,"Davis, N. VS Tellier, A.",Georgetown University vs Wake Forest University,,,00:00:04.9,,"Davis, N.","Tellier, A.",B7,8,9,-,0,0,0,Ball,Fastball,89,"","",Hit By Pitch,B,0,7,Georgetown University,Wake Forest University,8,2,2
4,2252,"Davis, N. VS Kurtz, N.",Georgetown University vs Wake Forest University,,,00:00:03.0,,"Davis, N.","Kurtz, N.",B7,8,9,1B,0,0,0,Strike Taken,Fastball,89,"","",,B,0,7,Georgetown University,Wake Forest University,8,3,3
4,2253,"Davis, N. VS Kurtz, N.",Georgetown University vs Wake Forest University,,,00:00:02.9,,"Davis, N.","Kurtz, N.",B7,8,9,1B,0,0,1,Ball,Slider,80,"","",,B,0,7,Georgetown University,Wake Forest University,8,3,3
4,2254,"Davis, N. VS Kurtz, N.",Georgetown University vs Wake Forest University,,,00:00:02.9,,"Davis, N.","Kurtz, N.",B7,8,9,1B,0,1,1,Ball,Slider,82,"","",,B,0,7,Georgetown University,Wake Forest University,8,3,3
4,2255,"Davis, N. VS Kurtz, N.",Georgetown University vs Wake Forest University,,,00:00:03.2,,"Davis, N.","Kurtz, N.",B7,8,9,1B,0,2,1,Ball,Fastball,90,"","",,B,0,7,Georgetown University,Wake Forest University,8,3,3
4,2256,"Davis, N. VS Kurtz, N.",Georgetown University vs Wake Forest University,,,00:00:02.9,,"Davis, N.","Kurtz, N.",B7,8,9,1B,0,3,1,Strike Taken,Slider,83,"","",,B,0,7,Georgetown University,Wake Forest University,8,3,3
4,2257,"Davis, N. VS Kurtz, N.",Georgetown University vs Wake Forest University,,,00:00:06.2,,"Davis, N.","Kurtz, N.",B7,8,9,1B,0,3,2,Strike Swinging,Slider,82,"","",Strikeout,B,0,7,Georgetown University,Wake Forest University,8,3,3
4,2258,"Davis, N. VS King, S.",Georgetown University vs Wake Forest University,,,00:00:02.5,,"Davis, N.","King, S.",B7,8,9,2B,1,0,0,Foul,Fastball,91,"","",,B,0,7,Georgetown University,Wake Forest University,8,4,4
4,2259,"Davis, N. VS King, S.",Georgetown University vs Wake Forest University,,,00:00:02.6,,"Davis, N.","King, S.",B7,8,9,2B,1,0,1,Foul,Slider,84,"","",,B,0,7,Georgetown University,Wake Forest University,8,4,4
4,2260,"Davis, N. VS King, S.",Georgetown University vs Wake Forest University,,,00:00:06.5,,"Davis, N.","King, S.",B7,8,9,2B,1,0,2,BIP,Slider,84,Ground Ball,Groundout,,B,0,7,Georgetown University,Wake Forest University,8,4,4
4,2261,"Davis, N. VS Reinisch, J.",Georgetown University vs Wake Forest University,,,00:00:03.2,,"Davis, N.","Reinisch, J.",B7,8,9,2B,2,0,0,Ball,Slider,84,"","",,B,0,7,Georgetown University,Wake Forest University,8,5,5
4,2262,"Davis, N. VS Reinisch, J.",Georgetown University vs Wake Forest University,,,00:00:09.1,,"Davis, N.","Reinisch, J.",B7,8,9,2B,2,1,0,BIP,Fastball,91,Line Drive,Single,,B,0,7,Georgetown University,Wake Forest University,8,5,5
4,2263,"Davis, N. VS Gill, C.",Georgetown University vs Wake Forest University,,,00:00:03.2,,"Davis, N.","Gill, C.",B7,8,10,1B,2,0,0,Foul,Slider,82,"","",,B,0,7,Georgetown University,Wake Forest University,8,6,6
4,2264,"Davis, N. VS Gill, C.",Georgetown University vs Wake Forest University,,,00:00:02.9,,"Davis, N.","Gill, C.",B7,8,10,1B,2,0,1,Ball,Slider,83,"","",,B,0,7,Georgetown University,Wake Forest University,8,6,6
4,2265,"Davis, N. VS Gill, C.",Georgetown University vs Wake Forest University,,,00:00:02.8,,"Davis, N.","Gill, C.",B7,8,10,2B,2,1,1,Strike Taken,Slider,84,"","",,B,0,7,Georgetown University,Wake Forest University,8,6,6
4,2266,"Davis, N. VS Gill, C.",Georgetown University vs Wake Forest University,,,00:00:03.8,,"Davis, N.","Gill, C.",B7,8,10,2B,2,1,2,Strike Swinging,Slider,83,"","",Strikeout,B,0,7,Georgetown University,Wake Forest University,8,6,6
4,2267,"Davis, N. VS Hawke, A.",Georgetown University vs Wake Forest University,,,00:00:02.6,,"Davis, N.","Hawke, A.",B8,8,10,-,0,0,0,Ball,Fastball,89,"","",,B,0,8,Georgetown University,Wake Forest University,8,7,7
4,2268,"Davis, N. VS Hawke, A.",Georgetown University vs Wake Forest University,,,00:00:03.3,,"Davis, N.","Hawke, A.",B8,8,10,-,0,1,0,Strike Swinging,Fastball,88,"","",,B,0,8,Georgetown University,Wake Forest University,8,7,7
4,2269,"Davis, N. VS Hawke, A.",Georgetown University vs Wake Forest University,,,00:00:07.8,,"Davis, N.","Hawke, A.",B8,8,10,-,0,1,1,BIP,Fastball,89,Fly Ball,Flyout,,B,0,8,Georgetown University,Wake Forest University,8,7,7
4,2270,"Davis, N. VS Winnay, J.",Georgetown University vs Wake Forest University,,,00:00:02.6,,"Davis, N.","Winnay, J.",B8,8,10,-,1,0,0,Strike Taken,Fastball,89,"","",,B,0,8,Georgetown University,Wake Forest University,8,8,8
4,2271,"Davis, N. VS Winnay, J.",Georgetown University vs Wake Forest University,,,00:00:02.6,,"Davis, N.","Winnay, J.",B8,8,10,-,1,0,1,Ball,Slider,83,"","",,B,0,8,Georgetown University,Wake Forest University,8,8,8
4,2272,"Davis, N. VS Winnay, J.",Georgetown University vs Wake Forest University,,,00:00:02.6,,"Davis, N.","Winnay, J.",B8,8,10,-,1,1,1,Strike Taken,Slider,81,"","",,B,0,8,Georgetown University,Wake Forest University,8,8,8
4,2273,"Davis, N. VS Winnay, J.",Georgetown University vs Wake Forest University,,,00:00:02.7,,"Davis, N.","Winnay, J.",B8,8,10,-,1,1,2,Foul,Slider,84,"","",,B,0,8,Georgetown University,Wake Forest University,8,8,8
4,2274,"Davis, N. VS Winnay, J.",Georgetown University vs Wake Forest University,,,00:00:07.6,,"Davis, N.","Winnay, J.",B8,8,10,-,1,1,2,BIP,Fastball,89,Ground Ball,Field Error,,B,0,8,Georgetown University,Wake Forest University,8,8,8
4,2275,"Davis, N. VS Morales, A.",Georgetown University vs Wake Forest University,,,00:00:03.0,,"Davis, N.","Morales, A.",B8,8,10,1B,1,0,0,Ball,Fastball,89,"","",,B,0,8,Georgetown University,Wake Forest University,8,9,9
4,2276,"Davis, N. VS Morales, A.",Georgetown University vs Wake Forest University,,,00:00:03.4,,"Davis, N.","Morales, A.",B8,8,10,1B,1,1,0,Ball,Fastball,89,"","",,B,0,8,Georgetown University,Wake Forest University,8,9,9
4,2277,"Davis, N. VS Morales, A.",Georgetown University vs Wake Forest University,,,00:00:06.8,,"Davis, N.","Morales, A.",B8,8,10,1B,1,2,0,BIP,Slider,82,Popup,Popout,,B,0,8,Georgetown University,Wake Forest University,8,9,9
4,2278,"Davis, N. VS Houston, M.",Georgetown University vs Wake Forest University,,,00:00:03.1,,"Davis, N.","Houston, M.",B8,8,10,2B,2,0,0,Ball,Slider,83,"","",,B,0,8,Georgetown University,Wake Forest University,8,10,1
4,2279,"Davis, N. VS Houston, M.",Georgetown University vs Wake Forest University,,,00:00:03.9,,"Davis, N.","Houston, M.",B8,8,10,2B,2,1,0,Strike Swinging,Slider,83,"","",,B,0,8,Georgetown University,Wake Forest University,8,10,1
4,2280,"Davis, N. VS Houston, M.",Georgetown University vs Wake Forest University,,,00:00:02.9,,"Davis, N.","Houston, M.",B8,8,10,2B,2,1,1,Ball,Slider,82,"","",,B,0,8,Georgetown University,Wake Forest University,8,10,1
4,2281,"Davis, N. VS Houston, M.",Georgetown University vs Wake Forest University,,,00:00:03.4,,"Davis, N.","Houston, M.",B8,8,10,2B,2,2,1,Strike Swinging,Fastball,89,"","",,B,0,8,Georgetown University,Wake Forest University,8,10,1
4,2282,"Davis, N. VS Houston, M.",Georgetown University vs Wake Forest University,,,00:00:08.4,,"Davis, N.","Houston, M.",B8,8,10,2B,2,2,2,BIP,Slider,84,Ground Ball,Field Error,,B,0,8,Georgetown University,Wake Forest University,8,10,1
4,2283,"Davis, N. VS Tellier, A.",Georgetown University vs Wake Forest University,,,00:00:02.7,,"Davis, N.","Tellier, A.",B8,8,10,1B-3B,2,0,0,Ball,Slider,82,"","",,B,0,8,Georgetown University,Wake Forest University,8,11,2
4,2284,"Davis, N. VS Tellier, A.",Georgetown University vs Wake Forest University,,,00:00:09.1,,"Davis, N.","Tellier, A.",B8,8,10,1B-3B,2,1,0,BIP,Slider,82,Ground Ball,Single,,B,0,8,Georgetown University,Wake Forest University,8,11,2
5,2724,"Davis, N. VS Sosa, J.",Fairleigh Dickinson University vs Georgetown University,,,00:00:02.2,,"Davis, N.","Sosa, J.",T8,9,10,-,0,0,0,Strike Swinging,Fastball,89,"","",,T,1,8,Fairleigh Dickinson University,Georgetown University,10,1,1
5,2725,"Davis, N. VS Sosa, J.",Fairleigh Dickinson University vs Georgetown University,,,00:00:05.6,,"Davis, N.","Sosa, J.",T8,9,10,-,0,0,1,BIP,Fastball,90,Ground Ball,Groundout,,T,1,8,Fairleigh Dickinson University,Georgetown University,10,1,1
5,2726,"Davis, N. VS Cheeseman, J.",Fairleigh Dickinson University vs Georgetown University,,,00:00:02.2,,"Davis, N.","Cheeseman, J.",T8,9,10,-,1,0,0,Strike Taken,Fastball,89,"","",,T,1,8,Fairleigh Dickinson University,Georgetown University,10,2,2
5,2727,"Davis, N. VS Cheeseman, J.",Fairleigh Dickinson University vs Georgetown University,,,00:00:02.2,,"Davis, N.","Cheeseman, J.",T8,9,10,-,1,0,1,Ball,Slider,83,"","",,T,1,8,Fairleigh Dickinson University,Georgetown University,10,2,2
5,2728,"Davis, N. VS Cheeseman, J.",Fairleigh Dickinson University vs Georgetown University,,,00:00:02.2,,"Davis, N.","Cheeseman, J.",T8,9,10,-,1,1,1,Ball,Slider,83,"","",,T,1,8,Fairleigh Dickinson University,Georgetown University,10,2,2
5,2729,"Davis, N. VS Cheeseman, J.",Fairleigh Dickinson University vs Georgetown University,,,00:00:06.2,,"Davis, N.","Cheeseman, J.",T8,9,10,-,1,2,1,BIP,Fastball,89,Ground Ball,Single,,T,1,8,Fairleigh Dickinson University,Georgetown University,10,2,2
5,2730,"Davis, N. VS D'amato, H.",Fairleigh Dickinson University vs Georgetown University,,,00:00:02.4,,"Davis, N.","D'amato, H.",T8,9,10,1B,1,0,0,Ball,Slider,83,"","",,T,1,8,Fairleigh Dickinson University,Georgetown University,10,3,3
5,2731,"Davis, N. VS D'amato, H.",Fairleigh Dickinson University vs Georgetown University,,,00:00:02.3,,"Davis, N.","D'amato, H.",T8,9,10,1B,1,1,0,Ball,Slider,82,"","",,T,1,8,Fairleigh Dickinson University,Georgetown University,10,3,3
5,2732,"Davis, N. VS D'amato, H.",Fairleigh Dickinson University vs Georgetown University,,,00:00:04.2,,"Davis, N.","D'amato, H.",T8,9,10,1B,1,2,0,Strike Taken,Slider,83,"","",,T,1,8,Fairleigh Dickinson University,Georgetown University,10,3,3
5,2733,"Davis, N. VS D'amato, H.",Fairleigh Dickinson University vs Georgetown University,,,00:00:03.5,,"Davis, N.","D'amato, H.",T8,9,10,-,2,2,1,Foul,Slider,84,"","",,T,1,8,Fairleigh Dickinson University,Georgetown University,10,3,3
5,2734,"Davis, N. VS D'amato, H.",Fairleigh Dickinson University vs Georgetown University,,,00:00:02.5,,"Davis, N.","D'amato, H.",T8,9,10,-,2,2,2,Ball,Slider,83,"","",,T,1,8,Fairleigh Dickinson University,Georgetown University,10,3,3
5,2735,"Davis, N. VS D'amato, H.",Fairleigh Dickinson University vs Georgetown University,,,00:00:03.4,,"Davis, N.","D'amato, H.",T8,9,10,-,2,3,2,Foul,Fastball,88,"","",,T,1,8,Fairleigh Dickinson University,Georgetown University,10,3,3
5,2736,"Davis, N. VS D'amato, H.",Fairleigh Dickinson University vs Georgetown University,,,00:00:02.3,,"Davis, N.","D'amato, H.",T8,9,10,-,2,3,2,Strike Taken,Slider,84,"","",Strikeout,T,1,8,Fairleigh Dickinson University,Georgetown University,10,3,3
5,2737,"Davis, N. VS Sanders, B.",Fairleigh Dickinson University vs Georgetown University,,,00:00:02.2,,"Davis, N.","Sanders, B.",T9,9,12,-,0,0,0,Ball,Fastball,88,"","",,T,1,9,Fairleigh Dickinson University,Georgetown University,12,4,4
5,2738,"Davis, N. VS Sanders, B.",Fairleigh Dickinson University vs Georgetown University,,,00:00:02.2,,"Davis, N.","Sanders, B.",T9,9,12,-,0,1,0,Strike Taken,Slider,83,"","",,T,1,9,Fairleigh Dickinson University,Georgetown University,12,4,4
5,2739,"Davis, N. VS Sanders, B.",Fairleigh Dickinson University vs Georgetown University,,,00:00:02.1,,"Davis, N.","Sanders, B.",T9,9,12,-,0,1,1,Strike Swinging,Slider,82,"","",,T,1,9,Fairleigh Dickinson University,Georgetown University,12,4,4
5,2740,"Davis, N. VS Sanders, B.",Fairleigh Dickinson University vs Georgetown University,,,00:00:02.2,,"Davis, N.","Sanders, B.",T9,9,12,-,0,1,2,Strike Swinging,Slider,84,"","",Strikeout,T,1,9,Fairleigh Dickinson University,Georgetown University,12,4,4
5,2741,"Davis, N. VS Chiappetta, A.",Fairleigh Dickinson University vs Georgetown University,,,00:00:03.8,,"Davis, N.","Chiappetta, A.",T9,9,12,-,1,0,0,Strike Swinging,Fastball,88,"","",,T,1,9,Fairleigh Dickinson University,Georgetown University,12,5,5
5,2742,"Davis, N. VS Chiappetta, A.",Fairleigh Dickinson University vs Georgetown University,,,00:00:02.3,,"Davis, N.","Chiappetta, A.",T9,9,12,-,1,0,1,Strike Swinging,Slider,83,"","",,T,1,9,Fairleigh Dickinson University,Georgetown University,12,5,5
5,2743,"Davis, N. VS Chiappetta, A.",Fairleigh Dickinson University vs Georgetown University,,,00:00:02.2,,"Davis, N.","Chiappetta, A.",T9,9,12,-,1,0,2,Ball,Slider,82,"","",,T,1,9,Fairleigh Dickinson University,Georgetown University,12,5,5
5,2744,"Davis, N. VS Chiappetta, A.",Fairleigh Dickinson University vs Georgetown University,,,00:00:02.7,,"Davis, N.","Chiappetta, A.",T9,9,12,-,1,1,2,Strike Swinging,Slider,83,"","",Strikeout,T,1,9,Fairleigh Dickinson University,Georgetown University,12,5,5
5,2745,"Davis, N. VS Sierra, J.",Fairleigh Dickinson University vs Georgetown University,,,00:00:02.1,,"Davis, N.","Sierra, J.",T9,9,12,-,2,0,0,Strike Taken,Fastball,88,"","",,T,1,9,Fairleigh Dickinson University,Georgetown University,12,6,6
5,2746,"Davis, N. VS Sierra, J.",Fairleigh Dickinson University vs Georgetown University,,,00:00:02.2,,"Davis, N.","Sierra, J.",T9,9,12,-,2,0,1,Strike Taken,Slider,84,"","",,T,1,9,Fairleigh Dickinson University,Georgetown University,12,6,6
5,2747,"Davis, N. VS Sierra, J.",Fairleigh Dickinson University vs Georgetown University,,,00:00:02.3,,"Davis, N.","Sierra, J.",T9,9,12,-,2,0,2,Strike Swinging,Slider,83,"","",Strikeout,T,1,9,Fairleigh Dickinson University,Georgetown University,12,6,6
6,3036,"Davis, N. VS Brown, E.",Georgetown University vs U.S. Naval Academy,,,00:00:02.3,,"Davis, N.","Brown, E.",B9,5,3,-,0,0,0,Strike Taken,Slider,0,"","",,B,0,9,Georgetown University,U.S. Naval Academy,5,1,1
6,3037,"Davis, N. VS Brown, E.",Georgetown University vs U.S. Naval Academy,,,00:00:02.9,,"Davis, N.","Brown, E.",B9,5,3,-,0,0,1,Ball,Fastball,0,"","",,B,0,9,Georgetown University,U.S. Naval Academy,5,1,1
6,3038,"Davis, N. VS Brown, E.",Georgetown University vs U.S. Naval Academy,,,00:00:02.2,,"Davis, N.","Brown, E.",B9,5,3,-,0,1,1,Strike Taken,Fastball,0,"","",,B,0,9,Georgetown University,U.S. Naval Academy,5,1,1
6,3039,"Davis, N. VS Brown, E.",Georgetown University vs U.S. Naval Academy,,,00:00:02.9,,"Davis, N.","Brown, E.",B9,5,3,-,0,1,2,Ball,Slider,0,"","",,B,0,9,Georgetown University,U.S. Naval Academy,5,1,1
6,3040,"Davis, N. VS Brown, E.",Georgetown University vs U.S. Naval Academy,,,00:00:06.5,,"Davis, N.","Brown, E.",B9,5,3,-,0,2,2,BIP,Slider,0,Ground Ball,Groundout,,B,0,9,Georgetown University,U.S. Naval Academy,5,1,1
6,3041,"Davis, N. VS Fiallo, A.",Georgetown University vs U.S. Naval Academy,,,00:00:02.1,,"Davis, N.","Fiallo, A.",B9,5,3,-,1,0,0,Strike Taken,Fastball,0,"","",,B,0,9,Georgetown University,U.S. Naval Academy,5,2,2
6,3042,"Davis, N. VS Fiallo, A.",Georgetown University vs U.S. Naval Academy,,,00:00:03.1,,"Davis, N.","Fiallo, A.",B9,5,3,-,1,0,1,Strike Swinging,Slider,0,"","",,B,0,9,Georgetown University,U.S. Naval Academy,5,2,2
6,3043,"Davis, N. VS Fiallo, A.",Georgetown University vs U.S. Naval Academy,,,00:00:03.5,,"Davis, N.","Fiallo, A.",B9,5,3,-,1,0,2,Ball,Slider,0,"","",,B,0,9,Georgetown University,U.S. Naval Academy,5,2,2
6,3044,"Davis, N. VS Fiallo, A.",Georgetown University vs U.S. Naval Academy,,,00:00:03.0,,"Davis, N.","Fiallo, A.",B9,5,3,-,1,1,2,Foul,Fastball,0,"","",,B,0,9,Georgetown University,U.S. Naval Academy,5,2,2
6,3045,"Davis, N. VS Fiallo, A.",Georgetown University vs U.S. Naval Academy,,,00:00:04.6,,"Davis, N.","Fiallo, A.",B9,5,3,-,1,1,2,BIP,Slider,0,Line Drive,Lineout,,B,0,9,Georgetown University,U.S. Naval Academy,5,2,2
6,3046,"Davis, N. VS Furey, B.",Georgetown University vs U.S. Naval Academy,,,00:00:04.3,,"Davis, N.","Furey, B.",B9,5,3,-,2,0,0,Ball,Fastball,0,"","",,B,0,9,Georgetown University,U.S. Naval Academy,5,3,3
6,3047,"Davis, N. VS Furey, B.",Georgetown University vs U.S. Naval Academy,,,00:00:02.5,,"Davis, N.","Furey, B.",B9,5,3,-,2,1,0,Ball,Slider,0,"","",,B,0,9,Georgetown University,U.S. Naval Academy,5,3,3
6,3048,"Davis, N. VS Furey, B.",Georgetown University vs U.S. Naval Academy,,,00:00:02.4,,"Davis, N.","Furey, B.",B9,5,3,-,2,2,0,Strike Taken,Fastball,0,"","",,B,0,9,Georgetown University,U.S. Naval Academy,5,3,3
6,3049,"Davis, N. VS Furey, B.",Georgetown University vs U.S. Naval Academy,,,00:00:02.8,,"Davis, N.","Furey, B.",B9,5,3,-,2,2,1,Foul,Fastball,0,"","",,B,0,9,Georgetown University,U.S. Naval Academy,5,3,3
6,3050,"Davis, N. VS Furey, B.",Georgetown University vs U.S. Naval Academy,,,00:00:06.2,,"Davis, N.","Furey, B.",B9,5,3,-,2,2,2,BIP,Slider,0,Popup,Popout,,B,0,9,Georgetown University,U.S. Naval Academy,5,3,3
7,3310,"Davis, N. VS Green jr., R.",University of California vs Georgetown University,,,00:00:02.2,,"Davis, N.","Green jr., R.",T6,9,2,-,0,0,0,Strike Taken,Fastball,89,"","",,T,1,6,University of California,Georgetown University,2,1,1
7,3311,"Davis, N. VS Green jr., R.",University of California vs Georgetown University,,,00:00:08.3,,"Davis, N.","Green jr., R.",T6,9,2,-,0,0,1,BIP,Slider,82,Ground Ball,Groundout,,T,1,6,University of California,Georgetown University,2,1,1
7,3312,"Davis, N. VS Schulze, P.",University of California vs Georgetown University,,,00:00:02.0,,"Davis, N.","Schulze, P.",T6,9,2,-,1,0,0,Foul,Curveball,80,"","",,T,1,6,University of California,Georgetown University,2,2,2
7,3313,"Davis, N. VS Schulze, P.",University of California vs Georgetown University,,,00:00:07.4,,"Davis, N.","Schulze, P.",T6,9,2,-,1,0,1,BIP,Slider,82,Fly Ball,Flyout,,T,1,6,University of California,Georgetown University,2,2,2
7,3314,"Davis, N. VS Tayman, R.",University of California vs Georgetown University,,,00:00:01.9,,"Davis, N.","Tayman, R.",T6,9,2,-,2,0,0,Ball,Cutter,89,"","",,T,1,6,University of California,Georgetown University,2,3,3
7,3315,"Davis, N. VS Tayman, R.",University of California vs Georgetown University,,,00:00:06.3,,"Davis, N.","Tayman, R.",T6,9,2,-,2,1,0,BIP,Slider,83,Ground Ball,Groundout,,T,1,6,University of California,Georgetown University,2,3,3
7,3316,"Davis, N. VS Crawford, C.",University of California vs Georgetown University,,,00:00:02.3,,"Davis, N.","Crawford, C.",T7,9,2,-,0,0,0,Strike Swinging,Slider,81,"","",,T,1,7,University of California,Georgetown University,2,4,4
7,3317,"Davis, N. VS Crawford, C.",University of California vs Georgetown University,,,00:00:08.0,,"Davis, N.","Crawford, C.",T7,9,2,-,0,0,1,BIP,Curveball,81,Ground Ball,Groundout,,T,1,7,University of California,Georgetown University,2,4,4
7,3318,"Davis, N. VS Advincula, J.",University of California vs Georgetown University,,,00:00:02.3,,"Davis, N.","Advincula, J.",T7,9,2,-,1,0,0,Strike Taken,Changeup,89,"","",,T,1,7,University of California,Georgetown University,2,5,5
7,3319,"Davis, N. VS Advincula, J.",University of California vs Georgetown University,,,00:00:01.9,,"Davis, N.","Advincula, J.",T7,9,2,-,1,0,1,Ball,Changeup,88,"","",,T,1,7,University of California,Georgetown University,2,5,5
7,3320,"Davis, N. VS Advincula, J.",University of California vs Georgetown University,,,00:00:02.1,,"Davis, N.","Advincula, J.",T7,9,2,-,1,1,1,Strike Taken,Slider,83,"","",,T,1,7,University of California,Georgetown University,2,5,5
7,3321,"Davis, N. VS Advincula, J.",University of California vs Georgetown University,,,00:00:02.3,,"Davis, N.","Advincula, J.",T7,9,2,-,1,1,2,Ball,Slider,83,"","",Hit By Pitch,T,1,7,University of California,Georgetown University,2,5,5
7,3322,"Davis, N. VS Ritch, A.",University of California vs Georgetown University,,,00:00:02.6,,"Davis, N.","Ritch, A.",T7,9,2,1B,1,0,0,Ball,Cutter,88,"","",,T,1,7,University of California,Georgetown University,2,6,6
7,3323,"Davis, N. VS Ritch, A.",University of California vs Georgetown University,,,00:00:05.1,,"Davis, N.","Ritch, A.",T7,9,2,1B,1,1,0,Foul,Slider,82,"","",,T,1,7,University of California,Georgetown University,2,6,6
7,3324,"Davis, N. VS Ritch, A.",University of California vs Georgetown University,,,00:00:10.1,,"Davis, N.","Ritch, A.",T7,9,2,1B,1,1,1,BIP,Slider,82,Line Drive,Lined Into Double Play,,T,1,7,University of California,Georgetown University,2,6,6
