outing_id,number,title,notes,tags,text_overlay,duration,date,pitcher,hitter,inning,Away Score,Home Score,runners_on_base,outs,balls,strikes,pitch_result,pitch_type,velocity_mph,bip_type,bip_result,non_bip_result,na,top_or_bottom_letter,top_of_frame,inning_num,Away Team,Home Team,pitcherteam_score,pa_id
1,1,"Mead, T. VS Santa anna, T.",Azusa Pacific University vs Biola University,,,00:00:02.4,,"Mead, T.","Santa anna, T.",T9,16,15, - ,0,0,0,Ball,Curveball,71,"","",,,T,1,9,Azusa Pacific University,Biola University,15,1
1,2,"Mead, T. VS Santa anna, T.",Azusa Pacific University vs Biola University,,,00:00:02.8,,"Mead, T.","Santa anna, T.",T9,16,15, - ,0,1,0,Strike Taken,Curveball,73,"","",,,T,1,9,Azusa Pacific University,Biola University,15,1
1,3,"Mead, T. VS Santa anna, T.",Azusa Pacific University vs Biola University,,,00:00:02.8,,"Mead, T.","Santa anna, T.",T9,16,15, - ,0,1,1,Foul,Fastball,89,"","",,,T,1,9,Azusa Pacific University,Biola University,15,1
1,4,"Mead, T. VS Santa anna, T.",Azusa Pacific University vs Biola University,,,00:00:02.8,,"Mead, T.","Santa anna, T.",T9,16,15, - ,0,1,2,Ball,Curveball,0,"","",,,T,1,9,Azusa Pacific University,Biola University,15,1
1,5,"Mead, T. VS Santa anna, T.",Azusa Pacific University vs Biola University,,,00:00:02.9,,"Mead, T.","Santa anna, T.",T9,16,15, - ,0,2,2,Strike Swinging,Curveball,71,"","",Strikeout,,T,1,9,Azusa Pacific University,Biola University,15,1
1,6,"Mead, T. VS Soria, B.",Azusa Pacific University vs Biola University,,,00:00:06.5,,"Mead, T.","Soria, B.",T9,16,15, - ,1,0,0,BIP,Fastball,91,Ground Ball,Single,,,T,1,9,Azusa Pacific University,Biola University,15,2
1,7,"Mead, T. VS Christison, G.",Azusa Pacific University vs Biola University,,,00:00:02.7,,"Mead, T.","Christison, G.",T9,16,15,1B,1,0,0,Strike Taken,Curveball,70,"","",,,T,1,9,Azusa Pacific University,Biola University,15,3
1,8,"Mead, T. VS Christison, G.",Azusa Pacific University vs Biola University,,,00:00:03.2,,"Mead, T.","Christison, G.",T9,16,15,1B,1,0,1,Strike Swinging,Curveball,71,"","",,,T,1,9,Azusa Pacific University,Biola University,15,3
1,9,"Mead, T. VS Christison, G.",Azusa Pacific University vs Biola University,,,00:00:02.9,,"Mead, T.","Christison, G.",T9,16,15,1B,1,0,2,Foul,Curveball,70,"","",,,T,1,9,Azusa Pacific University,Biola University,15,3
1,10,"Mead, T. VS Christison, G.",Azusa Pacific University vs Biola University,,,00:00:08.4,,"Mead, T.","Christison, G.",T9,16,15,1B,1,0,2,BIP,Curveball,71,Ground Ball,Single,,,T,1,9,Azusa Pacific University,Biola University,15,3
1,11,"Mead, T. VS Robles, T.",Azusa Pacific University vs Biola University,,,00:00:11.4,,"Mead, T.","Robles, T.",T9,16,15,1B-2B,1,0,0,BIP,Fastball,91,Fly Ball,Flyout,,,T,1,9,Azusa Pacific University,Biola University,15,4
1,12,"Mead, T. VS Rasmussen, S.",Azusa Pacific University vs Biola University,,,00:00:02.9,,"Mead, T.","Rasmussen, S.",T9,16,15,1B-3B,2,0,0,Strike Taken,Curveball,71,"","",,,T,1,9,Azusa Pacific University,Biola University,15,5
1,13,"Mead, T. VS Rasmussen, S.",Azusa Pacific University vs Biola University,,,00:00:03.3,,"Mead, T.","Rasmussen, S.",T9,16,15,1B-3B,2,0,1,Strike Swinging,Fastball,89,"","",,,T,1,9,Azusa Pacific University,Biola University,15,5
1,14,"Mead, T. VS Rasmussen, S.",Azusa Pacific University vs Biola University,,,00:00:06.7,,"Mead, T.","Rasmussen, S.",T9,16,15,1B-3B,2,0,2,Strike Swinging,Curveball,0,"","",Strikeout,,T,1,9,Azusa Pacific University,Biola University,15,5
2,15,"Mead, T. VS Stephens, D.",Hawaii Pacific University vs Biola University,,,00:00:02.4,,"Mead, T.","Stephens, D.",T9,1,3, - ,0,0,0,Foul,Fastball,90,"","",,,T,1,9,Hawaii Pacific University,Biola University,3,1
2,16,"Mead, T. VS Stephens, D.",Hawaii Pacific University vs Biola University,,,00:00:02.4,,"Mead, T.","Stephens, D.",T9,1,3, - ,0,0,1,Strike Taken,Curveball,72,"","",,,T,1,9,Hawaii Pacific University,Biola University,3,1
2,17,"Mead, T. VS Stephens, D.",Hawaii Pacific University vs Biola University,,,00:00:02.5,,"Mead, T.","Stephens, D.",T9,1,3, - ,0,0,2,Ball,Curveball,0,"","",,,T,1,9,Hawaii Pacific University,Biola University,3,1
2,18,"Mead, T. VS Stephens, D.",Hawaii Pacific University vs Biola University,,,00:00:02.0,,"Mead, T.","Stephens, D.",T9,1,3, - ,0,1,2,Strike Taken,Curveball,73,"","",Strikeout,,T,1,9,Hawaii Pacific University,Biola University,3,1
2,19,"Mead, T. VS Wehrle, B.",Hawaii Pacific University vs Biola University,,,00:00:02.5,,"Mead, T.","Wehrle, B.",T9,1,3, - ,1,0,0,Strike Taken,Curveball,71,"","",,,T,1,9,Hawaii Pacific University,Biola University,3,2
2,20,"Mead, T. VS Wehrle, B.",Hawaii Pacific University vs Biola University,,,00:00:02.9,,"Mead, T.","Wehrle, B.",T9,1,3, - ,1,0,1,Foul,Changeup,85,"","",,,T,1,9,Hawaii Pacific University,Biola University,3,2
2,21,"Mead, T. VS Wehrle, B.",Hawaii Pacific University vs Biola University,,,00:00:05.7,,"Mead, T.","Wehrle, B.",T9,1,3, - ,1,0,2,Foul,Changeup,83,"","",,,T,1,9,Hawaii Pacific University,Biola University,3,2
2,22,"Mead, T. VS Wehrle, B.",Hawaii Pacific University vs Biola University,,,00:00:03.4,,"Mead, T.","Wehrle, B.",T9,1,3, - ,1,0,2,Foul,Fastball,91,"","",,,T,1,9,Hawaii Pacific University,Biola University,3,2
2,23,"Mead, T. VS Wehrle, B.",Hawaii Pacific University vs Biola University,,,00:00:02.1,,"Mead, T.","Wehrle, B.",T9,1,3, - ,1,0,2,Strike Taken,Curveball,73,"","",Strikeout,,T,1,9,Hawaii Pacific University,Biola University,3,2
2,24,"Mead, T. VS Zolezzi, D.",Hawaii Pacific University vs Biola University,,,00:00:02.8,,"Mead, T.","Zolezzi, D.",T9,1,3, - ,2,0,0,Ball,Curveball,72,"","",,,T,1,9,Hawaii Pacific University,Biola University,3,3
2,25,"Mead, T. VS Zolezzi, D.",Hawaii Pacific University vs Biola University,,,00:00:09.9,,"Mead, T.","Zolezzi, D.",T9,1,3, - ,2,1,0,BIP,Fastball,89,Ground Ball,Groundout,,,T,1,9,Hawaii Pacific University,Biola University,3,3
3,26,"Mead, T. VS Valdez, D.",Biola University vs Fresno Pacific University,,,00:00:04.2,,"Mead, T.","Valdez, D.",B6,0,3, - ,0,0,0,Strike Swinging,Fastball,89,"","",,,B,0,6,Biola University,Fresno Pacific University,0,1
3,27,"Mead, T. VS Valdez, D.",Biola University vs Fresno Pacific University,,,00:00:09.5,,"Mead, T.","Valdez, D.",B6,0,3, - ,0,0,1,BIP,Fastball,88,Line Drive,Single,,,B,0,6,Biola University,Fresno Pacific University,0,1
3,28,"Mead, T. VS Cooper, G.",Biola University vs Fresno Pacific University,,,00:00:07.1,,"Mead, T.","Cooper, G.",B6,0,3,1B,0,0,0,Ball,Fastball,88,"","",,,B,0,6,Biola University,Fresno Pacific University,0,2
3,29,"Mead, T. VS Cooper, G.",Biola University vs Fresno Pacific University,,,00:00:09.7,,"Mead, T.","Cooper, G.",B6,0,3,2B,0,1,0,BIP,Fastball,87,Ground Ball,Single,,,B,0,6,Biola University,Fresno Pacific University,0,2
3,30,"Mead, T. VS Willman, K.",Biola University vs Fresno Pacific University,,,00:00:02.6,,"Mead, T.","Willman, K.",B6,0,4,1B,0,0,0,Ball,Curveball,0,"","",,,B,0,6,Biola University,Fresno Pacific University,0,3
3,31,"Mead, T. VS Willman, K.",Biola University vs Fresno Pacific University,,,00:00:01.7,,"Mead, T.","Willman, K.",B6,0,4,1B,0,1,0,Ball,Fastball,0,"","",,,B,0,6,Biola University,Fresno Pacific University,0,3
3,32,"Mead, T. VS Willman, K.",Biola University vs Fresno Pacific University,,,00:00:07.1,,"Mead, T.","Willman, K.",B6,0,4,1B,0,2,0,BIP,Fastball,88,Bunt Ground Ball,Sacrifice Bunt,,,B,0,6,Biola University,Fresno Pacific University,0,3
3,33,"Mead, T. VS Rover, T.",Biola University vs Fresno Pacific University,,,00:00:09.4,,"Mead, T.","Rover, T.",B6,0,4,2B,1,0,0,BIP,Fastball,88,Ground Ball,Groundout,,,B,0,6,Biola University,Fresno Pacific University,0,4
3,34,"Mead, T. VS Johnson, K.",Biola University vs Fresno Pacific University,,,00:00:01.9,,"Mead, T.","Johnson, K.",B6,0,4,3B,2,0,0,Ball,Curveball,72,"","",,,B,0,6,Biola University,Fresno Pacific University,0,5
3,35,"Mead, T. VS Johnson, K.",Biola University vs Fresno Pacific University,,,00:00:02.6,,"Mead, T.","Johnson, K.",B6,0,4,3B,2,1,0,Strike Taken,Curveball,68,"","",,,B,0,6,Biola University,Fresno Pacific University,0,5
3,36,"Mead, T. VS Johnson, K.",Biola University vs Fresno Pacific University,,,00:00:02.7,,"Mead, T.","Johnson, K.",B6,0,4,3B,2,1,1,Strike Swinging,Curveball,0,"","",,,B,0,6,Biola University,Fresno Pacific University,0,5
3,37,"Mead, T. VS Johnson, K.",Biola University vs Fresno Pacific University,,,00:00:06.8,,"Mead, T.","Johnson, K.",B6,0,4,3B,2,1,2,Ball,Curveball,0,"","",,,B,0,6,Biola University,Fresno Pacific University,0,5
3,38,"Mead, T. VS Johnson, K.",Biola University vs Fresno Pacific University,,,00:00:04.8,,"Mead, T.","Johnson, K.",B6,0,5, - ,2,2,2,Foul,Fastball,90,"","",,,B,0,6,Biola University,Fresno Pacific University,0,5
3,39,"Mead, T. VS Johnson, K.",Biola University vs Fresno Pacific University,,,00:00:01.7,,"Mead, T.","Johnson, K.",B6,0,5, - ,2,2,2,Ball,Fastball,89,"","",,,B,0,6,Biola University,Fresno Pacific University,0,5
3,40,"Mead, T. VS Johnson, K.",Biola University vs Fresno Pacific University,,,00:00:08.5,,"Mead, T.","Johnson, K.",B6,0,5, - ,2,3,2,BIP,Fastball,88,Ground Ball,Groundout,,,B,0,6,Biola University,Fresno Pacific University,0,5
4,41,"Mead, T. VS Anderson, S.",Biola University vs Point Loma,,,00:00:02.5,,"Mead, T.","Anderson, S.",B7,0,0, - ,0,0,0,Ball,Curveball,72,"","",,,B,0,7,Biola University,Point Loma,0,1
4,42,"Mead, T. VS Anderson, S.",Biola University vs Point Loma,,,00:00:02.7,,"Mead, T.","Anderson, S.",B7,0,0, - ,0,1,0,Strike Taken,Curveball,72,"","",,,B,0,7,Biola University,Point Loma,0,1
4,43,"Mead, T. VS Anderson, S.",Biola University vs Point Loma,,,00:00:02.0,,"Mead, T.","Anderson, S.",B7,0,0, - ,0,1,1,Foul,Fastball,90,"","",,,B,0,7,Biola University,Point Loma,0,1
4,44,"Mead, T. VS Anderson, S.",Biola University vs Point Loma,,,00:00:01.9,,"Mead, T.","Anderson, S.",B7,0,0, - ,0,1,2,Ball,Fastball,91,"","",,,B,0,7,Biola University,Point Loma,0,1
4,45,"Mead, T. VS Anderson, S.",Biola University vs Point Loma,,,00:00:08.7,,"Mead, T.","Anderson, S.",B7,0,0, - ,0,2,2,BIP,Curveball,73,Ground Ball,Field Error,,,B,0,7,Biola University,Point Loma,0,1
4,46,"Mead, T. VS Otjen, H.",Biola University vs Point Loma,,,00:00:11.4,,"Mead, T.","Otjen, H.",B7,0,0,1B,0,0,0,BIP,Fastball,88,Bunt Ground Ball,Sacrifice Bunt,,,B,0,7,Biola University,Point Loma,0,2
4,47,"Mead, T. VS Christian, J.",Biola University vs Point Loma,,,00:00:02.4,,"Mead, T.","Christian, J.",B7,0,0,2B,1,0,0,Strike Taken,Curveball,69,"","",,,B,0,7,Biola University,Point Loma,0,3
4,48,"Mead, T. VS Christian, J.",Biola University vs Point Loma,,,00:00:08.6,,"Mead, T.","Christian, J.",B7,0,0,2B,1,0,1,BIP,Curveball,71,Ground Ball,Groundout,,,B,0,7,Biola University,Point Loma,0,3
4,49,"Mead, T. VS Halligan, B.",Biola University vs Point Loma,,,00:00:01.7,,"Mead, T.","Halligan, B.",B7,0,0,3B,2,0,0,Ball,Fastball,88,"","",,,B,0,7,Biola University,Point Loma,0,4
4,50,"Mead, T. VS Halligan, B.",Biola University vs Point Loma,,,00:00:03.3,,"Mead, T.","Halligan, B.",B7,0,0,3B,2,1,0,Ball,Curveball,69,"","",Intentional Walk,,B,0,7,Biola University,Point Loma,0,4
4,51,"Mead, T. VS Malone, J.",Biola University vs Point Loma,,,00:00:01.6,,"Mead, T.","Malone, J.",B7,0,0,1B,2,0,0,Ball,Curveball,68,"","",,,B,0,7,Biola University,Point Loma,0,5
4,52,"Mead, T. VS Malone, J.",Biola University vs Point Loma,,,00:00:02.4,,"Mead, T.","Malone, J.",B7,0,0,1B-3B,2,1,0,Strike Taken,Curveball,68,"","",,,B,0,7,Biola University,Point Loma,0,5
4,53,"Mead, T. VS Malone, J.",Biola University vs Point Loma,,,00:00:02.7,,"Mead, T.","Malone, J.",B7,0,0,1B-3B,2,1,1,Ball,Curveball,68,"","",,,B,0,7,Biola University,Point Loma,0,5
4,54,"Mead, T. VS Malone, J.",Biola University vs Point Loma,,,00:00:02.2,,"Mead, T.","Malone, J.",B7,0,0,1B-3B,2,2,1,Foul,Fastball,88,"","",,,B,0,7,Biola University,Point Loma,0,5
4,55,"Mead, T. VS Malone, J.",Biola University vs Point Loma,,,00:00:01.8,,"Mead, T.","Malone, J.",B7,0,0,1B-3B,2,2,2,Foul,Fastball,90,"","",,,B,0,7,Biola University,Point Loma,0,5
4,56,"Mead, T. VS Malone, J.",Biola University vs Point Loma,,,00:00:02.3,,"Mead, T.","Malone, J.",B7,0,0,1B-3B,2,2,2,Ball,Curveball,71,"","",,,B,0,7,Biola University,Point Loma,0,5
4,57,"Mead, T. VS Malone, J.",Biola University vs Point Loma,,,00:00:02.2,,"Mead, T.","Malone, J.",B7,0,0,1B-3B,2,3,2,Ball,Fastball,89,"","",Walk,,B,0,7,Biola University,Point Loma,0,5
4,58,"Mead, T. VS Waterman, E.",Biola University vs Point Loma,,,00:00:02.5,,"Mead, T.","Waterman, E.",B7,0,0,1B-2B-3B,2,0,0,Strike Taken,Fastball,88,"","",,,B,0,7,Biola University,Point Loma,0,6
4,59,"Mead, T. VS Waterman, E.",Biola University vs Point Loma,,,00:00:02.2,,"Mead, T.","Waterman, E.",B7,0,0,1B-2B-3B,2,0,1,Strike Taken,Curveball,70,"","",,,B,0,7,Biola University,Point Loma,0,6
4,60,"Mead, T. VS Waterman, E.",Biola University vs Point Loma,,,00:00:01.6,,"Mead, T.","Waterman, E.",B7,0,0,1B-2B-3B,2,0,2,Ball,Fastball,89,"","",,,B,0,7,Biola University,Point Loma,0,6
4,61,"Mead, T. VS Waterman, E.",Biola University vs Point Loma,,,00:00:01.7,,"Mead, T.","Waterman, E.",B7,0,0,1B-2B-3B,2,1,2,Ball,Fastball,89,"","",,,B,0,7,Biola University,Point Loma,0,6
4,62,"Mead, T. VS Waterman, E.",Biola University vs Point Loma,,,00:00:10.5,,"Mead, T.","Waterman, E.",B7,0,0,1B-2B-3B,2,2,2,BIP,Fastball,89,Ground Ball,Field Error,,,B,0,7,Biola University,Point Loma,0,6
5,63,"Mead, T. VS Hanoian, T.",Biola University vs Concordia University Irvine,,,00:00:02.7,,"Mead, T.","Hanoian, T.",B5,5,2, - ,0,0,0,Ball,Fastball,90,"","",,,B,0,5,Biola University,Concordia University Irvine,5,1
5,64,"Mead, T. VS Hanoian, T.",Biola University vs Concordia University Irvine,,,00:00:02.7,,"Mead, T.","Hanoian, T.",B5,5,2, - ,0,1,0,Strike Taken,Fastball,89,"","",,,B,0,5,Biola University,Concordia University Irvine,5,1
5,65,"Mead, T. VS Hanoian, T.",Biola University vs Concordia University Irvine,,,00:00:01.5,,"Mead, T.","Hanoian, T.",B5,5,2, - ,0,1,1,Ball,Fastball,91,"","",,,B,0,5,Biola University,Concordia University Irvine,5,1
5,66,"Mead, T. VS Hanoian, T.",Biola University vs Concordia University Irvine,,,00:00:02.7,,"Mead, T.","Hanoian, T.",B5,5,2, - ,0,2,1,Strike Taken,Fastball,89,"","",,,B,0,5,Biola University,Concordia University Irvine,5,1
5,67,"Mead, T. VS Hanoian, T.",Biola University vs Concordia University Irvine,,,00:00:02.5,,"Mead, T.","Hanoian, T.",B5,5,2, - ,0,2,2,Ball,Curveball,70,"","",,,B,0,5,Biola University,Concordia University Irvine,5,1
5,68,"Mead, T. VS Hanoian, T.",Biola University vs Concordia University Irvine,,,00:00:04.6,,"Mead, T.","Hanoian, T.",B5,5,2, - ,0,3,2,Foul,Fastball,92,"","",,,B,0,5,Biola University,Concordia University Irvine,5,1
5,69,"Mead, T. VS Hanoian, T.",Biola University vs Concordia University Irvine,,,00:00:11.6,,"Mead, T.","Hanoian, T.",B5,5,2, - ,0,3,2,BIP,Fastball,91,Ground Ball,Double,,,B,0,5,Biola University,Concordia University Irvine,5,1
5,70,"Mead, T. VS Wallace, S.",Biola University vs Concordia University Irvine,,,00:00:02.3,,"Mead, T.","Wallace, S.",B5,5,2,2B,0,0,0,Ball,Fastball,0,"","",,,B,0,5,Biola University,Concordia University Irvine,5,2
5,71,"Mead, T. VS Wallace, S.",Biola University vs Concordia University Irvine,,,00:00:02.6,,"Mead, T.","Wallace, S.",B5,5,2,2B,0,1,0,Ball,Curveball,68,"","",,,B,0,5,Biola University,Concordia University Irvine,5,2
5,72,"Mead, T. VS Wallace, S.",Biola University vs Concordia University Irvine,,,00:00:11.5,,"Mead, T.","Wallace, S.",B5,5,2,2B,0,2,0,BIP,Fastball,87,Bunt Ground Ball,Field Error,,,B,0,5,Biola University,Concordia University Irvine,5,2
5,73,"Mead, T. VS Fowler, K.",Biola University vs Concordia University Irvine,,,00:00:02.4,,"Mead, T.","Fowler, K.",B5,5,3,2B,0,0,0,Strike Taken,Fastball,88,"","",,,B,0,5,Biola University,Concordia University Irvine,5,3
5,74,"Mead, T. VS Fowler, K.",Biola University vs Concordia University Irvine,,,00:00:02.5,,"Mead, T.","Fowler, K.",B5,5,3,2B,0,0,1,Strike Taken,Curveball,69,"","",,,B,0,5,Biola University,Concordia University Irvine,5,3
5,75,"Mead, T. VS Fowler, K.",Biola University vs Concordia University Irvine,,,00:00:05.7,,"Mead, T.","Fowler, K.",B5,5,3,2B,0,0,2,Foul,Curveball,71,"","",,,B,0,5,Biola University,Concordia University Irvine,5,3
5,76,"Mead, T. VS Fowler, K.",Biola University vs Concordia University Irvine,,,00:00:01.7,,"Mead, T.","Fowler, K.",B5,5,3,2B,0,0,2,Ball,Fastball,89,"","",,,B,0,5,Biola University,Concordia University Irvine,5,3
5,77,"Mead, T. VS Fowler, K.",Biola University vs Concordia University Irvine,,,00:00:03.6,,"Mead, T.","Fowler, K.",B5,5,3,2B,0,1,2,Strike Swinging,Curveball,70,"","",Strikeout,,B,0,5,Biola University,Concordia University Irvine,5,3
5,78,"Mead, T. VS Dixon, M.",Biola University vs Concordia University Irvine,,,00:00:08.7,,"Mead, T.","Dixon, M.",B5,5,3,2B,1,0,0,Foul,Curveball,68,"","",,,B,0,5,Biola University,Concordia University Irvine,5,4
5,79,"Mead, T. VS Dixon, M.",Biola University vs Concordia University Irvine,,,00:00:02.3,,"Mead, T.","Dixon, M.",B5,5,3,2B,1,0,1,Strike Taken,Fastball,89,"","",,,B,0,5,Biola University,Concordia University Irvine,5,4
5,80,"Mead, T. VS Dixon, M.",Biola University vs Concordia University Irvine,,,00:00:08.4,,"Mead, T.","Dixon, M.",B5,5,3,2B,1,0,2,BIP,Curveball,71,Ground Ball,Groundout,,,B,0,5,Biola University,Concordia University Irvine,5,4
5,81,"Mead, T. VS CASTRO, R.",Biola University vs Concordia University Irvine,,,00:00:08.1,,"Mead, T.","CASTRO, R.",B5,5,3,3B,2,0,0,BIP,Fastball,89,Fly Ball,Flyout,,,B,0,5,Biola University,Concordia University Irvine,5,5
5,82,"Mead, T. VS Benefeito, N.",Biola University vs Concordia University Irvine,,,00:00:09.4,,"Mead, T.","Benefeito, N.",B6,5,3, - ,0,0,0,BIP,Fastball,88,Ground Ball,Single,,,B,0,6,Biola University,Concordia University Irvine,5,6
5,83,"Mead, T. VS Collins, J.",Biola University vs Concordia University Irvine,,,00:00:05.8,,"Mead, T.","Collins, J.",B6,5,3,1B,0,0,0,Ball,Curveball,0,"","",,,B,0,6,Biola University,Concordia University Irvine,5,7
5,84,"Mead, T. VS Collins, J.",Biola University vs Concordia University Irvine,,,00:00:02.7,,"Mead, T.","Collins, J.",B6,5,3,2B,0,1,0,Strike Taken,Curveball,70,"","",,,B,0,6,Biola University,Concordia University Irvine,5,7
5,85,"Mead, T. VS Collins, J.",Biola University vs Concordia University Irvine,,,00:00:02.2,,"Mead, T.","Collins, J.",B6,5,3,2B,0,1,1,Ball,Curveball,69,"","",,,B,0,6,Biola University,Concordia University Irvine,5,7
5,86,"Mead, T. VS Collins, J.",Biola University vs Concordia University Irvine,,,00:00:01.9,,"Mead, T.","Collins, J.",B6,5,3,2B,0,2,1,Ball,Fastball,87,"","",,,B,0,6,Biola University,Concordia University Irvine,5,7
5,87,"Mead, T. VS Collins, J.",Biola University vs Concordia University Irvine,,,00:00:04.4,,"Mead, T.","Collins, J.",B6,5,3,2B,0,3,1,Foul,Fastball,89,"","",,,B,0,6,Biola University,Concordia University Irvine,5,7
5,88,"Mead, T. VS Collins, J.",Biola University vs Concordia University Irvine,,,00:00:02.3,,"Mead, T.","Collins, J.",B6,5,3,2B,0,3,2,Foul,Curveball,73,"","",,,B,0,6,Biola University,Concordia University Irvine,5,7
5,89,"Mead, T. VS Collins, J.",Biola University vs Concordia University Irvine,,,00:00:02.3,,"Mead, T.","Collins, J.",B6,5,3,2B,0,3,2,Foul,Fastball,87,"","",,,B,0,6,Biola University,Concordia University Irvine,5,7
5,90,"Mead, T. VS Collins, J.",Biola University vs Concordia University Irvine,,,00:00:03.4,,"Mead, T.","Collins, J.",B6,5,3,2B,0,3,2,Strike Swinging,Curveball,70,"","",Strikeout,,B,0,6,Biola University,Concordia University Irvine,5,7
5,91,"Mead, T. VS Schonebaum, C.",Biola University vs Concordia University Irvine,,,00:00:02.7,,"Mead, T.","Schonebaum, C.",B6,5,3,2B,1,0,0,Strike Taken,Curveball,69,"","",,,B,0,6,Biola University,Concordia University Irvine,5,8
5,92,"Mead, T. VS Schonebaum, C.",Biola University vs Concordia University Irvine,,,00:00:04.9,,"Mead, T.","Schonebaum, C.",B6,5,3,2B,1,0,1,Ball,Curveball,70,"","",Hit By Pitch,,B,0,6,Biola University,Concordia University Irvine,5,8
5,93,"Mead, T. VS Delgado, D.",Biola University vs Concordia University Irvine,,,00:00:02.8,,"Mead, T.","Delgado, D.",B6,5,3,1B-2B,1,0,0,Strike Swinging,Fastball,87,"","",,,B,0,6,Biola University,Concordia University Irvine,5,9
5,94,"Mead, T. VS Delgado, D.",Biola University vs Concordia University Irvine,,,00:00:09.2,,"Mead, T.","Delgado, D.",B6,5,3,1B-2B,1,0,1,BIP,Fastball,86,Popup,Infield Fly Rule,,,B,0,6,Biola University,Concordia University Irvine,5,9
5,95,"Mead, T. VS Hanoian, T.",Biola University vs Concordia University Irvine,,,00:00:02.4,,"Mead, T.","Hanoian, T.",B6,5,3,1B-2B,2,0,0,Strike Taken,Curveball,69,"","",,,B,0,6,Biola University,Concordia University Irvine,5,10
5,96,"Mead, T. VS Hanoian, T.",Biola University vs Concordia University Irvine,,,00:00:02.6,,"Mead, T.","Hanoian, T.",B6,5,3,1B-2B,2,0,1,Strike Taken,Fastball,85,"","",,,B,0,6,Biola University,Concordia University Irvine,5,10
5,97,"Mead, T. VS Hanoian, T.",Biola University vs Concordia University Irvine,,,00:00:07.6,,"Mead, T.","Hanoian, T.",B6,5,3,1B-2B,2,0,2,Strike Swinging,Curveball,70,"","",Strikeout,,B,0,6,Biola University,Concordia University Irvine,5,10
5,98,"Mead, T. VS Wallace, S.",Biola University vs Concordia University Irvine,,,00:00:10.2,,"Mead, T.","Wallace, S.",B6,5,3,1B-2B-3B,2,0,0,BIP,Fastball,90,Ground Ball,Single,,,B,0,6,Biola University,Concordia University Irvine,5,11
5,99,"Mead, T. VS Fowler, K.",Biola University vs Concordia University Irvine,,,00:00:02.6,,"Mead, T.","Fowler, K.",B6,5,5,1B-2B,2,0,0,Strike Taken,Curveball,69,"","",,,B,0,6,Biola University,Concordia University Irvine,5,12
5,100,"Mead, T. VS Fowler, K.",Biola University vs Concordia University Irvine,,,00:00:11.2,,"Mead, T.","Fowler, K.",B6,5,5,1B-2B,2,0,1,BIP,Curveball,70,Line Drive,Single,,,B,0,6,Biola University,Concordia University Irvine,5,12
5,101,"Mead, T. VS Dixon, M.",Biola University vs Concordia University Irvine,,,00:00:01.7,,"Mead, T.","Dixon, M.",B6,5,6,1B-2B,2,0,0,Ball,Curveball,64,"","",,,B,0,6,Biola University,Concordia University Irvine,5,13
5,102,"Mead, T. VS Dixon, M.",Biola University vs Concordia University Irvine,,,00:00:02.3,,"Mead, T.","Dixon, M.",B6,5,6,1B-2B,2,1,0,Strike Taken,Curveball,68,"","",,,B,0,6,Biola University,Concordia University Irvine,5,13
5,103,"Mead, T. VS Dixon, M.",Biola University vs Concordia University Irvine,,,00:00:15.2,,"Mead, T.","Dixon, M.",B6,5,6,1B-2B,2,1,1,BIP,Fastball,88,Fly Ball,Triple,,,B,0,6,Biola University,Concordia University Irvine,5,13
6,104,"Mead, T. VS Malone, J.",Point Loma vs Biola University,,,00:00:05.2,,"Mead, T.","Malone, J.",T4,1,2,2B,1,0,0,Ball,Fastball,0,"","",,,T,1,4,Point Loma,Biola University,2,1
6,105,"Mead, T. VS Malone, J.",Point Loma vs Biola University,,,00:00:02.7,,"Mead, T.","Malone, J.",T4,1,2,3B,1,1,0,Ball,Fastball,0,"","",,,T,1,4,Point Loma,Biola University,2,1
6,106,"Mead, T. VS Malone, J.",Point Loma vs Biola University,,,00:00:02.6,,"Mead, T.","Malone, J.",T4,1,2,3B,1,2,0,Foul,Fastball,87,"","",,,T,1,4,Point Loma,Biola University,2,1
6,107,"Mead, T. VS Malone, J.",Point Loma vs Biola University,,,00:00:02.6,,"Mead, T.","Malone, J.",T4,1,2,3B,1,2,1,Ball,Curveball,0,"","",,,T,1,4,Point Loma,Biola University,2,1
6,108,"Mead, T. VS Malone, J.",Point Loma vs Biola University,,,00:00:02.7,,"Mead, T.","Malone, J.",T4,1,2,3B,1,3,1,Strike Taken,Fastball,88,"","",,,T,1,4,Point Loma,Biola University,2,1
6,109,"Mead, T. VS Malone, J.",Point Loma vs Biola University,,,00:00:02.7,,"Mead, T.","Malone, J.",T4,1,2,3B,1,3,2,Ball,Fastball,88,"","",Walk,,T,1,4,Point Loma,Biola University,2,1
6,110,"Mead, T. VS Alvarez, I.",Point Loma vs Biola University,,,00:00:02.6,,"Mead, T.","Alvarez, I.",T4,1,2,1B-3B,1,0,0,Strike Taken,Curveball,70,"","",,,T,1,4,Point Loma,Biola University,2,2
6,111,"Mead, T. VS Alvarez, I.",Point Loma vs Biola University,,,00:00:05.5,,"Mead, T.","Alvarez, I.",T4,1,2,1B-3B,1,0,1,BIP,Curveball,84,Bunt Ground Ball,Single,,,T,1,4,Point Loma,Biola University,2,2
6,112,"Mead, T. VS Kemp, O.",Point Loma vs Biola University,,,00:00:04.9,,"Mead, T.","Kemp, O.",T4,2,2,1B-2B,1,0,0,Strike Taken,Curveball,68,"","",,,T,1,4,Point Loma,Biola University,2,3
6,113,"Mead, T. VS Kemp, O.",Point Loma vs Biola University,,,00:00:05.6,,"Mead, T.","Kemp, O.",T4,2,2,2B-3B,1,0,1,BIP,Curveball,68,Ground Ball,Groundout,,,T,1,4,Point Loma,Biola University,2,3
6,114,"Mead, T. VS Anderson, S.",Point Loma vs Biola University,,,00:00:01.7,,"Mead, T.","Anderson, S.",T4,3,2,3B,2,0,0,Foul,Fastball,89,"","",,,T,1,4,Point Loma,Biola University,2,4
6,115,"Mead, T. VS Anderson, S.",Point Loma vs Biola University,,,00:00:02.2,,"Mead, T.","Anderson, S.",T4,3,2,3B,2,0,1,Ball,Curveball,68,"","",,,T,1,4,Point Loma,Biola University,2,4
6,116,"Mead, T. VS Anderson, S.",Point Loma vs Biola University,,,00:00:02.4,,"Mead, T.","Anderson, S.",T4,3,2,3B,2,1,1,Ball,Curveball,70,"","",,,T,1,4,Point Loma,Biola University,2,4
6,117,"Mead, T. VS Anderson, S.",Point Loma vs Biola University,,,00:00:08.3,,"Mead, T.","Anderson, S.",T4,3,2,3B,2,2,1,BIP,Curveball,69,Fly Ball,Home Run,,,T,1,4,Point Loma,Biola University,2,4
6,118,"Mead, T. VS Halligan, B.",Point Loma vs Biola University,,,00:00:01.9,,"Mead, T.","Halligan, B.",T4,5,2, - ,2,0,0,Strike Taken,Fastball,89,"","",,,T,1,4,Point Loma,Biola University,2,5
6,119,"Mead, T. VS Halligan, B.",Point Loma vs Biola University,,,00:00:02.4,,"Mead, T.","Halligan, B.",T4,5,2, - ,2,0,1,Ball,Fastball,90,"","",,,T,1,4,Point Loma,Biola University,2,5
6,120,"Mead, T. VS Halligan, B.",Point Loma vs Biola University,,,00:00:04.9,,"Mead, T.","Halligan, B.",T4,5,2, - ,2,1,1,BIP,Fastball,90,Ground Ball,Groundout,,,T,1,4,Point Loma,Biola University,2,5
6,121,"Mead, T. VS Christian, J.",Point Loma vs Biola University,,,00:00:01.7,,"Mead, T.","Christian, J.",T5,5,2, - ,0,0,0,Ball,Fastball,83,"","",,,T,1,5,Point Loma,Biola University,2,6
6,122,"Mead, T. VS Christian, J.",Point Loma vs Biola University,,,00:00:01.9,,"Mead, T.","Christian, J.",T5,5,2, - ,0,1,0,Strike Swinging,Fastball,88,"","",,,T,1,5,Point Loma,Biola University,2,6
6,123,"Mead, T. VS Christian, J.",Point Loma vs Biola University,,,00:00:01.9,,"Mead, T.","Christian, J.",T5,5,2, - ,0,1,1,Foul,Fastball,90,"","",,,T,1,5,Point Loma,Biola University,2,6
6,124,"Mead, T. VS Christian, J.",Point Loma vs Biola University,,,00:00:05.5,,"Mead, T.","Christian, J.",T5,5,2, - ,0,1,2,BIP,Fastball,92,Ground Ball,Groundout,,,T,1,5,Point Loma,Biola University,2,6
6,125,"Mead, T. VS Otjen, H.",Point Loma vs Biola University,,,00:00:02.1,,"Mead, T.","Otjen, H.",T5,5,2, - ,1,0,0,Strike Taken,Fastball,92,"","",,,T,1,5,Point Loma,Biola University,2,7
6,126,"Mead, T. VS Otjen, H.",Point Loma vs Biola University,,,00:00:02.5,,"Mead, T.","Otjen, H.",T5,5,2, - ,1,0,1,Strike Swinging,Fastball,92,"","",,,T,1,5,Point Loma,Biola University,2,7
6,127,"Mead, T. VS Otjen, H.",Point Loma vs Biola University,,,00:00:04.9,,"Mead, T.","Otjen, H.",T5,5,2, - ,1,0,2,Strike Swinging,Curveball,0,"","",Strikeout,,T,1,5,Point Loma,Biola University,2,7
6,128,"Mead, T. VS Axtell, A.",Point Loma vs Biola University,,,00:00:02.2,,"Mead, T.","Axtell, A.",T5,5,2, - ,2,0,0,Ball,Fastball,90,"","",,,T,1,5,Point Loma,Biola University,2,8
6,129,"Mead, T. VS Axtell, A.",Point Loma vs Biola University,,,00:00:02.2,,"Mead, T.","Axtell, A.",T5,5,2, - ,2,1,0,Strike Swinging,Fastball,90,"","",,,T,1,5,Point Loma,Biola University,2,8
6,130,"Mead, T. VS Axtell, A.",Point Loma vs Biola University,,,00:00:02.2,,"Mead, T.","Axtell, A.",T5,5,2, - ,2,1,1,Foul,Fastball,89,"","",,,T,1,5,Point Loma,Biola University,2,8
6,131,"Mead, T. VS Axtell, A.",Point Loma vs Biola University,,,00:00:02.4,,"Mead, T.","Axtell, A.",T5,5,2, - ,2,1,2,Strike Taken,Curveball,0,"","",Strikeout,,T,1,5,Point Loma,Biola University,2,8
6,132,"Mead, T. VS Waterman, E.",Point Loma vs Biola University,,,00:00:02.2,,"Mead, T.","Waterman, E.",T6,5,2, - ,0,0,0,Ball,Curveball,71,"","",,,T,1,6,Point Loma,Biola University,2,9
6,133,"Mead, T. VS Waterman, E.",Point Loma vs Biola University,,,00:00:04.5,,"Mead, T.","Waterman, E.",T6,5,2, - ,0,1,0,Foul,Fastball,89,"","",,,T,1,6,Point Loma,Biola University,2,9
6,134,"Mead, T. VS Waterman, E.",Point Loma vs Biola University,,,00:00:01.9,,"Mead, T.","Waterman, E.",T6,5,2, - ,0,1,1,Ball,Fastball,89,"","",,,T,1,6,Point Loma,Biola University,2,9
6,135,"Mead, T. VS Waterman, E.",Point Loma vs Biola University,,,00:00:02.3,,"Mead, T.","Waterman, E.",T6,5,2, - ,0,2,1,Ball,Fastball,87,"","",,,T,1,6,Point Loma,Biola University,2,9
6,136,"Mead, T. VS Waterman, E.",Point Loma vs Biola University,,,00:00:05.5,,"Mead, T.","Waterman, E.",T6,5,2, - ,0,3,1,BIP,Fastball,88,Ground Ball,Groundout,,,T,1,6,Point Loma,Biola University,2,9
6,137,"Mead, T. VS Malone, J.",Point Loma vs Biola University,,,00:00:02.0,,"Mead, T.","Malone, J.",T6,5,2, - ,1,0,0,Strike Swinging,Fastball,89,"","",,,T,1,6,Point Loma,Biola University,2,10
6,138,"Mead, T. VS Malone, J.",Point Loma vs Biola University,,,00:00:02.2,,"Mead, T.","Malone, J.",T6,5,2, - ,1,0,1,Ball,Fastball,0,"","",,,T,1,6,Point Loma,Biola University,2,10
6,139,"Mead, T. VS Malone, J.",Point Loma vs Biola University,,,00:00:02.1,,"Mead, T.","Malone, J.",T6,5,2, - ,1,1,1,Strike Taken,Fastball,89,"","",,,T,1,6,Point Loma,Biola University,2,10
6,140,"Mead, T. VS Malone, J.",Point Loma vs Biola University,,,00:00:02.8,,"Mead, T.","Malone, J.",T6,5,2, - ,1,1,2,Strike Swinging,Curveball,72,"","",Strikeout,,T,1,6,Point Loma,Biola University,2,10
6,141,"Mead, T. VS Alvarez, I.",Point Loma vs Biola University,,,00:00:03.9,,"Mead, T.","Alvarez, I.",T6,5,2, - ,2,0,0,Strike Swinging,Changeup,81,"","",,,T,1,6,Point Loma,Biola University,2,11
6,142,"Mead, T. VS Alvarez, I.",Point Loma vs Biola University,,,00:00:01.8,,"Mead, T.","Alvarez, I.",T6,5,2, - ,2,0,1,Foul,Fastball,92,"","",,,T,1,6,Point Loma,Biola University,2,11
6,143,"Mead, T. VS Alvarez, I.",Point Loma vs Biola University,,,00:00:02.5,,"Mead, T.","Alvarez, I.",T6,5,2, - ,2,0,2,Ball,Fastball,0,"","",,,T,1,6,Point Loma,Biola University,2,11
6,144,"Mead, T. VS Alvarez, I.",Point Loma vs Biola University,,,00:00:02.2,,"Mead, T.","Alvarez, I.",T6,5,2, - ,2,1,2,Foul,Fastball,90,"","",,,T,1,6,Point Loma,Biola University,2,11
6,145,"Mead, T. VS Alvarez, I.",Point Loma vs Biola University,,,00:00:05.9,,"Mead, T.","Alvarez, I.",T6,5,2, - ,2,1,2,BIP,Curveball,72,Line Drive,Single,,,T,1,6,Point Loma,Biola University,2,11
6,146,"Mead, T. VS Kemp, O.",Point Loma vs Biola University,,,00:00:02.6,,"Mead, T.","Kemp, O.",T6,5,2,2B,2,0,0,Strike Taken,Curveball,70,"","",,,T,1,6,Point Loma,Biola University,2,12
6,147,"Mead, T. VS Kemp, O.",Point Loma vs Biola University,,,00:00:04.9,,"Mead, T.","Kemp, O.",T6,5,2,2B,2,0,1,Ball,Changeup,81,"","",,,T,1,6,Point Loma,Biola University,2,12
6,148,"Mead, T. VS Kemp, O.",Point Loma vs Biola University,,,00:00:05.8,,"Mead, T.","Kemp, O.",T6,5,2,3B,2,1,1,BIP,Fastball,88,Ground Ball,Groundout,,,T,1,6,Point Loma,Biola University,2,12
6,149,"Mead, T. VS Anderson, S.",Point Loma vs Biola University,,,00:00:01.9,,"Mead, T.","Anderson, S.",T7,5,5, - ,0,0,0,Ball,Fastball,87,"","",,,T,1,7,Point Loma,Biola University,5,13
6,150,"Mead, T. VS Anderson, S.",Point Loma vs Biola University,,,00:00:04.9,,"Mead, T.","Anderson, S.",T7,5,5, - ,0,1,0,BIP,Fastball,87,Line Drive,Lineout,,,T,1,7,Point Loma,Biola University,5,13
6,151,"Mead, T. VS Halligan, B.",Point Loma vs Biola University,,,00:00:02.4,,"Mead, T.","Halligan, B.",T7,5,5, - ,1,0,0,Ball,Curveball,0,"","",,,T,1,7,Point Loma,Biola University,5,14
6,152,"Mead, T. VS Halligan, B.",Point Loma vs Biola University,,,00:00:02.5,,"Mead, T.","Halligan, B.",T7,5,5, - ,1,1,0,Ball,Curveball,68,"","",,,T,1,7,Point Loma,Biola University,5,14
6,153,"Mead, T. VS Halligan, B.",Point Loma vs Biola University,,,00:00:01.9,,"Mead, T.","Halligan, B.",T7,5,5, - ,1,2,0,Ball,Fastball,88,"","",,,T,1,7,Point Loma,Biola University,5,14
6,154,"Mead, T. VS Halligan, B.",Point Loma vs Biola University,,,00:00:01.8,,"Mead, T.","Halligan, B.",T7,5,5, - ,1,3,0,Strike Taken,Fastball,87,"","",,,T,1,7,Point Loma,Biola University,5,14
6,155,"Mead, T. VS Halligan, B.",Point Loma vs Biola University,,,00:00:01.9,,"Mead, T.","Halligan, B.",T7,5,5, - ,1,3,1,Foul,Fastball,86,"","",,,T,1,7,Point Loma,Biola University,5,14
6,156,"Mead, T. VS Halligan, B.",Point Loma vs Biola University,,,00:00:02.6,,"Mead, T.","Halligan, B.",T7,5,5, - ,1,3,2,Strike Taken,Curveball,70,"","",Strikeout,,T,1,7,Point Loma,Biola University,5,14
6,157,"Mead, T. VS Christian, J.",Point Loma vs Biola University,,,00:00:02.2,,"Mead, T.","Christian, J.",T7,5,5, - ,2,0,0,Ball,Curveball,72,"","",,,T,1,7,Point Loma,Biola University,5,15
6,158,"Mead, T. VS Christian, J.",Point Loma vs Biola University,,,00:00:02.2,,"Mead, T.","Christian, J.",T7,5,5, - ,2,1,0,Strike Swinging,Fastball,87,"","",,,T,1,7,Point Loma,Biola University,5,15
6,159,"Mead, T. VS Christian, J.",Point Loma vs Biola University,,,00:00:02.5,,"Mead, T.","Christian, J.",T7,5,5, - ,2,1,1,Ball,Curveball,71,"","",,,T,1,7,Point Loma,Biola University,5,15
6,160,"Mead, T. VS Christian, J.",Point Loma vs Biola University,,,00:00:02.8,,"Mead, T.","Christian, J.",T7,5,5, - ,2,2,1,Ball,Curveball,0,"","",,,T,1,7,Point Loma,Biola University,5,15
6,161,"Mead, T. VS Christian, J.",Point Loma vs Biola University,,,00:00:02.3,,"Mead, T.","Christian, J.",T7,5,5, - ,2,3,1,Ball,Fastball,87,"","",Walk,,T,1,7,Point Loma,Biola University,5,15
6,162,"Mead, T. VS Otjen, H.",Point Loma vs Biola University,,,00:00:01.9,,"Mead, T.","Otjen, H.",T7,5,5,1B,2,0,0,Ball,Fastball,87,"","",,,T,1,7,Point Loma,Biola University,5,16
6,163,"Mead, T. VS Otjen, H.",Point Loma vs Biola University,,,00:00:06.0,,"Mead, T.","Otjen, H.",T7,5,5,1B,2,1,0,BIP,Fastball,85,Ground Ball,Field Error,,,T,1,7,Point Loma,Biola University,5,16
6,164,"Mead, T. VS Pineiro, M.",Point Loma vs Biola University,,,00:00:02.7,,"Mead, T.","Pineiro, M.",T7,5,5,1B-2B,2,0,0,Strike Swinging,Fastball,86,"","",,,T,1,7,Point Loma,Biola University,5,17
6,165,"Mead, T. VS Pineiro, M.",Point Loma vs Biola University,,,00:00:02.4,,"Mead, T.","Pineiro, M.",T7,5,5,1B-2B,2,0,1,Ball,Curveball,74,"","",,,T,1,7,Point Loma,Biola University,5,17
6,166,"Mead, T. VS Pineiro, M.",Point Loma vs Biola University,,,00:00:02.4,,"Mead, T.","Pineiro, M.",T7,5,5,1B-2B,2,1,1,Strike Taken,Curveball,71,"","",,,T,1,7,Point Loma,Biola University,5,17
6,167,"Mead, T. VS Pineiro, M.",Point Loma vs Biola University,,,00:00:01.6,,"Mead, T.","Pineiro, M.",T7,5,5,1B-2B,2,1,2,Foul,Fastball,87,"","",,,T,1,7,Point Loma,Biola University,5,17
6,168,"Mead, T. VS Pineiro, M.",Point Loma vs Biola University,,,00:00:02.4,,"Mead, T.","Pineiro, M.",T7,5,5,1B-2B,2,1,2,Strike Taken,Curveball,71,"","",Strikeout,,T,1,7,Point Loma,Biola University,5,17
6,169,"Mead, T. VS Waterman, E.",Point Loma vs Biola University,,,00:00:01.9,,"Mead, T.","Waterman, E.",T8,5,5, - ,0,0,0,Foul,Fastball,0,"","",,,T,1,8,Point Loma,Biola University,5,18
6,170,"Mead, T. VS Waterman, E.",Point Loma vs Biola University,,,00:00:01.8,,"Mead, T.","Waterman, E.",T8,5,5, - ,0,0,1,Strike Taken,Fastball,87,"","",,,T,1,8,Point Loma,Biola University,5,18
6,171,"Mead, T. VS Waterman, E.",Point Loma vs Biola University,,,00:00:02.9,,"Mead, T.","Waterman, E.",T8,5,5, - ,0,0,2,Ball,Fastball,87,"","",,,T,1,8,Point Loma,Biola University,5,18
6,172,"Mead, T. VS Waterman, E.",Point Loma vs Biola University,,,00:00:02.2,,"Mead, T.","Waterman, E.",T8,5,5, - ,0,1,2,Ball,Curveball,0,"","",,,T,1,8,Point Loma,Biola University,5,18
6,173,"Mead, T. VS Waterman, E.",Point Loma vs Biola University,,,00:00:02.2,,"Mead, T.","Waterman, E.",T8,5,5, - ,0,2,2,Ball,Curveball,0,"","",,,T,1,8,Point Loma,Biola University,5,18
6,174,"Mead, T. VS Waterman, E.",Point Loma vs Biola University,,,00:00:02.2,,"Mead, T.","Waterman, E.",T8,5,5, - ,0,3,2,Ball,Fastball,87,"","",Walk,,T,1,8,Point Loma,Biola University,5,18
6,175,"Mead, T. VS Malone, J.",Point Loma vs Biola University,,,00:00:04.5,,"Mead, T.","Malone, J.",T8,5,5,1B,0,0,0,Foul Bunt,Fastball,86,"","",,,T,1,8,Point Loma,Biola University,5,19
6,176,"Mead, T. VS Malone, J.",Point Loma vs Biola University,,,00:00:05.3,,"Mead, T.","Malone, J.",T8,5,5,1B,0,0,1,BIP,Fastball,85,Bunt Ground Ball,Sacrifice Bunt,,,T,1,8,Point Loma,Biola University,5,19
6,177,"Mead, T. VS Alvarez, I.",Point Loma vs Biola University,,,00:00:02.4,,"Mead, T.","Alvarez, I.",T8,5,5,2B,1,0,0,Ball,Fastball,86,"","",,,T,1,8,Point Loma,Biola University,5,20
6,178,"Mead, T. VS Alvarez, I.",Point Loma vs Biola University,,,00:00:02.7,,"Mead, T.","Alvarez, I.",T8,5,5,2B,1,1,0,Ball,Curveball,67,"","",,,T,1,8,Point Loma,Biola University,5,20
6,179,"Mead, T. VS Alvarez, I.",Point Loma vs Biola University,,,00:00:02.4,,"Mead, T.","Alvarez, I.",T8,5,5,2B,1,2,0,Strike Taken,Fastball,85,"","",,,T,1,8,Point Loma,Biola University,5,20
6,180,"Mead, T. VS Alvarez, I.",Point Loma vs Biola University,,,00:00:02.3,,"Mead, T.","Alvarez, I.",T8,5,5,2B,1,2,1,Foul,Fastball,85,"","",,,T,1,8,Point Loma,Biola University,5,20
6,181,"Mead, T. VS Alvarez, I.",Point Loma vs Biola University,,,00:00:01.7,,"Mead, T.","Alvarez, I.",T8,5,5,2B,1,2,2,Foul,Fastball,87,"","",,,T,1,8,Point Loma,Biola University,5,20
6,182,"Mead, T. VS Alvarez, I.",Point Loma vs Biola University,,,00:00:04.4,,"Mead, T.","Alvarez, I.",T8,5,5,2B,1,2,2,Ball,Changeup,0,"","",,,T,1,8,Point Loma,Biola University,5,20
6,183,"Mead, T. VS Alvarez, I.",Point Loma vs Biola University,,,00:00:01.7,,"Mead, T.","Alvarez, I.",T8,5,5,2B,1,3,2,Foul,Fastball,87,"","",,,T,1,8,Point Loma,Biola University,5,20
6,184,"Mead, T. VS Alvarez, I.",Point Loma vs Biola University,,,00:00:05.6,,"Mead, T.","Alvarez, I.",T8,5,5,2B,1,3,2,BIP,Fastball,0,Ground Ball,Field Error,,,T,1,8,Point Loma,Biola University,5,20
6,185,"Mead, T. VS Kemp, O.",Point Loma vs Biola University,,,00:00:02.9,,"Mead, T.","Kemp, O.",T8,5,5,1B-2B,1,0,0,Foul,Fastball,86,"","",,,T,1,8,Point Loma,Biola University,5,21
6,186,"Mead, T. VS Kemp, O.",Point Loma vs Biola University,,,00:00:02.7,,"Mead, T.","Kemp, O.",T8,5,5,1B-2B,1,0,1,Strike Taken,Curveball,69,"","",,,T,1,8,Point Loma,Biola University,5,21
6,187,"Mead, T. VS Kemp, O.",Point Loma vs Biola University,,,00:00:08.5,,"Mead, T.","Kemp, O.",T8,5,5,1B-2B,1,0,2,BIP,Curveball,74,Fly Ball,Flyout,,,T,1,8,Point Loma,Biola University,5,21
6,188,"Mead, T. VS Halligan, B.",Point Loma vs Biola University,,,00:00:03.6,,"Mead, T.","Halligan, B.",T8,5,5,1B-2B-3B,2,0,0,Strike Taken,Curveball,69,"","",,,T,1,8,Point Loma,Biola University,5,22
6,189,"Mead, T. VS Halligan, B.",Point Loma vs Biola University,,,00:00:02.0,,"Mead, T.","Halligan, B.",T8,5,5,1B-2B-3B,2,0,1,Ball,Fastball,86,"","",,,T,1,8,Point Loma,Biola University,5,22
6,190,"Mead, T. VS Halligan, B.",Point Loma vs Biola University,,,00:00:02.8,,"Mead, T.","Halligan, B.",T8,5,5,1B-2B-3B,2,1,1,Ball,Fastball,86,"","",,,T,1,8,Point Loma,Biola University,5,22
6,191,"Mead, T. VS Halligan, B.",Point Loma vs Biola University,,,00:00:06.9,,"Mead, T.","Halligan, B.",T8,5,5,1B-2B-3B,2,2,1,BIP,Curveball,71,Ground Ball,Single,,,T,1,8,Point Loma,Biola University,5,22
7,192,"Mead, T. VS Durbin, T.",Azusa Pacific University vs Biola University,,,00:00:02.1,,"Mead, T.","Durbin, T.",T7,14,3, - ,0,0,0,Strike Taken,Fastball,92,"","",,,T,1,7,Azusa Pacific University,Biola University,3,1
7,193,"Mead, T. VS Durbin, T.",Azusa Pacific University vs Biola University,,,00:00:05.9,,"Mead, T.","Durbin, T.",T7,14,3, - ,0,0,1,BIP,Fastball,91,Ground Ball,Groundout,,,T,1,7,Azusa Pacific University,Biola University,3,1
7,194,"Mead, T. VS Dykstra, C.",Azusa Pacific University vs Biola University,,,00:00:02.3,,"Mead, T.","Dykstra, C.",T7,14,3, - ,1,0,0,Ball,Curveball,71,"","",,,T,1,7,Azusa Pacific University,Biola University,3,2
7,195,"Mead, T. VS Dykstra, C.",Azusa Pacific University vs Biola University,,,00:00:02.0,,"Mead, T.","Dykstra, C.",T7,14,3, - ,1,1,0,Strike Taken,Curveball,72,"","",,,T,1,7,Azusa Pacific University,Biola University,3,2
7,196,"Mead, T. VS Dykstra, C.",Azusa Pacific University vs Biola University,,,00:00:02.6,,"Mead, T.","Dykstra, C.",T7,14,3, - ,1,1,1,Strike Swinging,Curveball,72,"","",,,T,1,7,Azusa Pacific University,Biola University,3,2
7,197,"Mead, T. VS Dykstra, C.",Azusa Pacific University vs Biola University,,,00:00:02.8,,"Mead, T.","Dykstra, C.",T7,14,3, - ,1,1,2,Foul,Curveball,74,"","",,,T,1,7,Azusa Pacific University,Biola University,3,2
7,198,"Mead, T. VS Dykstra, C.",Azusa Pacific University vs Biola University,,,00:00:02.6,,"Mead, T.","Dykstra, C.",T7,14,3, - ,1,1,2,Ball,Fastball,92,"","",,,T,1,7,Azusa Pacific University,Biola University,3,2
7,199,"Mead, T. VS Dykstra, C.",Azusa Pacific University vs Biola University,,,00:00:02.8,,"Mead, T.","Dykstra, C.",T7,14,3, - ,1,2,2,Ball,Curveball,71,"","",,,T,1,7,Azusa Pacific University,Biola University,3,2
7,200,"Mead, T. VS Dykstra, C.",Azusa Pacific University vs Biola University,,,00:00:02.7,,"Mead, T.","Dykstra, C.",T7,14,3, - ,1,3,2,Ball,Curveball,70,"","",Walk,,T,1,7,Azusa Pacific University,Biola University,3,2
7,201,"Mead, T. VS Castillo, J.",Azusa Pacific University vs Biola University,,,00:00:02.8,,"Mead, T.","Castillo, J.",T7,14,3,1B,1,0,0,Foul,Fastball,89,"","",,,T,1,7,Azusa Pacific University,Biola University,3,3
7,202,"Mead, T. VS Castillo, J.",Azusa Pacific University vs Biola University,,,00:00:02.3,,"Mead, T.","Castillo, J.",T7,14,3,1B,1,0,1,Foul,Curveball,70,"","",,,T,1,7,Azusa Pacific University,Biola University,3,3
7,203,"Mead, T. VS Castillo, J.",Azusa Pacific University vs Biola University,,,00:00:02.5,,"Mead, T.","Castillo, J.",T7,14,3,1B,1,0,2,Ball,Curveball,0,"","",,,T,1,7,Azusa Pacific University,Biola University,3,3
7,204,"Mead, T. VS Castillo, J.",Azusa Pacific University vs Biola University,,,00:00:02.8,,"Mead, T.","Castillo, J.",T7,14,3,1B,1,1,2,Ball,Fastball,88,"","",,,T,1,7,Azusa Pacific University,Biola University,3,3
7,205,"Mead, T. VS Castillo, J.",Azusa Pacific University vs Biola University,,,00:00:02.5,,"Mead, T.","Castillo, J.",T7,14,3,1B,1,2,2,Strike Taken,Fastball,88,"","",Strikeout,,T,1,7,Azusa Pacific University,Biola University,3,3
7,206,"Mead, T. VS Marshman, C.",Azusa Pacific University vs Biola University,,,00:00:06.9,,"Mead, T.","Marshman, C.",T7,14,3,1B,2,0,0,BIP,Fastball,90,Fly Ball,Flyout,,,T,1,7,Azusa Pacific University,Biola University,3,4
7,207,"Mead, T. VS Christison, G.",Azusa Pacific University vs Biola University,,,00:00:02.0,,"Mead, T.","Christison, G.",T8,14,5, - ,0,0,0,Strike Taken,Fastball,0,"","",,,T,1,8,Azusa Pacific University,Biola University,5,5
7,208,"Mead, T. VS Christison, G.",Azusa Pacific University vs Biola University,,,00:00:04.3,,"Mead, T.","Christison, G.",T8,14,5, - ,0,0,1,Ball,Curveball,71,"","",,,T,1,8,Azusa Pacific University,Biola University,5,5
7,209,"Mead, T. VS Christison, G.",Azusa Pacific University vs Biola University,,,00:00:02.7,,"Mead, T.","Christison, G.",T8,14,5, - ,0,1,1,Ball,Curveball,70,"","",,,T,1,8,Azusa Pacific University,Biola University,5,5
7,210,"Mead, T. VS Christison, G.",Azusa Pacific University vs Biola University,,,00:00:02.9,,"Mead, T.","Christison, G.",T8,14,5, - ,0,2,1,Ball,Fastball,87,"","",,,T,1,8,Azusa Pacific University,Biola University,5,5
7,211,"Mead, T. VS Christison, G.",Azusa Pacific University vs Biola University,,,00:00:05.6,,"Mead, T.","Christison, G.",T8,14,5, - ,0,3,1,BIP,Fastball,0,Ground Ball,Field Error,,,T,1,8,Azusa Pacific University,Biola University,5,5
7,212,"Mead, T. VS Robles, T.",Azusa Pacific University vs Biola University,,,00:00:02.1,,"Mead, T.","Robles, T.",T8,14,5,1B,0,0,0,Ball,Curveball,69,"","",,,T,1,8,Azusa Pacific University,Biola University,5,6
7,213,"Mead, T. VS Robles, T.",Azusa Pacific University vs Biola University,,,00:00:02.5,,"Mead, T.","Robles, T.",T8,14,5,1B,0,1,0,Strike Swinging,Curveball,70,"","",,,T,1,8,Azusa Pacific University,Biola University,5,6
7,214,"Mead, T. VS Robles, T.",Azusa Pacific University vs Biola University,,,00:00:06.6,,"Mead, T.","Robles, T.",T8,14,5,1B,0,1,1,BIP,Fastball,88,Ground Ball,Fielder's Choice - Out,,,T,1,8,Azusa Pacific University,Biola University,5,6
7,215,"Mead, T. VS Genna, D.",Azusa Pacific University vs Biola University,,,00:00:05.9,,"Mead, T.","Genna, D.",T8,14,5,1B,1,0,0,BIP,Fastball,88,Ground Ball,Fielder's Choice - Out,,,T,1,8,Azusa Pacific University,Biola University,5,7
7,216,"Mead, T. VS Lopez, O.",Azusa Pacific University vs Biola University,,,00:00:02.3,,"Mead, T.","Lopez, O.",T8,14,5,1B,2,0,0,Ball,Curveball,70,"","",,,T,1,8,Azusa Pacific University,Biola University,5,8
7,217,"Mead, T. VS Lopez, O.",Azusa Pacific University vs Biola University,,,00:00:02.7,,"Mead, T.","Lopez, O.",T8,14,5,1B,2,1,0,Strike Taken,Curveball,70,"","",,,T,1,8,Azusa Pacific University,Biola University,5,8
7,218,"Mead, T. VS Lopez, O.",Azusa Pacific University vs Biola University,,,00:00:02.9,,"Mead, T.","Lopez, O.",T8,14,5,1B,2,1,1,Ball,Curveball,0,"","",,,T,1,8,Azusa Pacific University,Biola University,5,8
7,219,"Mead, T. VS Lopez, O.",Azusa Pacific University vs Biola University,,,00:00:06.7,,"Mead, T.","Lopez, O.",T8,14,5,1B,2,2,1,BIP,Fastball,86,Ground Ball,Fielder's Choice - Out,,,T,1,8,Azusa Pacific University,Biola University,5,8
7,220,"Mead, T. VS Santa anna, T.",Azusa Pacific University vs Biola University,,,00:00:02.4,,"Mead, T.","Santa anna, T.",T9,14,7, - ,0,0,0,Strike Taken,Curveball,0,"","",,,T,1,9,Azusa Pacific University,Biola University,7,9
7,221,"Mead, T. VS Santa anna, T.",Azusa Pacific University vs Biola University,,,00:00:02.4,,"Mead, T.","Santa anna, T.",T9,14,7, - ,0,0,1,Foul,Curveball,70,"","",,,T,1,9,Azusa Pacific University,Biola University,7,9
7,222,"Mead, T. VS Santa anna, T.",Azusa Pacific University vs Biola University,,,00:00:02.8,,"Mead, T.","Santa anna, T.",T9,14,7, - ,0,0,2,Strike Taken,Curveball,0,"","",Strikeout,,T,1,9,Azusa Pacific University,Biola University,7,9
7,223,"Mead, T. VS Durbin, T.",Azusa Pacific University vs Biola University,,,00:00:02.5,,"Mead, T.","Durbin, T.",T9,14,7, - ,1,0,0,Foul,Curveball,71,"","",,,T,1,9,Azusa Pacific University,Biola University,7,10
7,224,"Mead, T. VS Durbin, T.",Azusa Pacific University vs Biola University,,,00:00:07.6,,"Mead, T.","Durbin, T.",T9,14,7, - ,1,0,1,BIP,Curveball,72,Line Drive,Single,,,T,1,9,Azusa Pacific University,Biola University,7,10
7,225,"Mead, T. VS Dykstra, C.",Azusa Pacific University vs Biola University,,,00:00:02.5,,"Mead, T.","Dykstra, C.",T9,14,7,1B,1,0,0,Ball,Fastball,87,"","",,,T,1,9,Azusa Pacific University,Biola University,7,11
7,226,"Mead, T. VS Dykstra, C.",Azusa Pacific University vs Biola University,,,00:00:02.8,,"Mead, T.","Dykstra, C.",T9,14,7,1B,1,1,0,Ball,Fastball,88,"","",,,T,1,9,Azusa Pacific University,Biola University,7,11
7,227,"Mead, T. VS Dykstra, C.",Azusa Pacific University vs Biola University,,,00:00:02.6,,"Mead, T.","Dykstra, C.",T9,14,7,1B,1,2,0,Strike Swinging,Fastball,87,"","",,,T,1,9,Azusa Pacific University,Biola University,7,11
7,228,"Mead, T. VS Dykstra, C.",Azusa Pacific University vs Biola University,,,00:00:02.9,,"Mead, T.","Dykstra, C.",T9,14,7,1B,1,2,1,Ball,Curveball,68,"","",,,T,1,9,Azusa Pacific University,Biola University,7,11
7,229,"Mead, T. VS Dykstra, C.",Azusa Pacific University vs Biola University,,,00:00:02.2,,"Mead, T.","Dykstra, C.",T9,14,7,1B,1,3,1,Strike Taken,Fastball,87,"","",,,T,1,9,Azusa Pacific University,Biola University,7,11
7,230,"Mead, T. VS Dykstra, C.",Azusa Pacific University vs Biola University,,,00:00:03.2,,"Mead, T.","Dykstra, C.",T9,14,7,1B,1,3,2,Ball,Curveball,71,"","",Walk,,T,1,9,Azusa Pacific University,Biola University,7,11
7,231,"Mead, T. VS Castillo, J.",Azusa Pacific University vs Biola University,,,00:00:02.1,,"Mead, T.","Castillo, J.",T9,14,7,1B-2B,1,0,0,Strike Taken,Curveball,70,"","",,,T,1,9,Azusa Pacific University,Biola University,7,12
7,232,"Mead, T. VS Castillo, J.",Azusa Pacific University vs Biola University,,,00:00:02.5,,"Mead, T.","Castillo, J.",T9,14,7,1B-2B,1,0,1,Ball,Curveball,70,"","",,,T,1,9,Azusa Pacific University,Biola University,7,12
7,233,"Mead, T. VS Castillo, J.",Azusa Pacific University vs Biola University,,,00:00:02.7,,"Mead, T.","Castillo, J.",T9,14,7,1B-2B,1,1,1,Ball,Fastball,87,"","",,,T,1,9,Azusa Pacific University,Biola University,7,12
7,234,"Mead, T. VS Castillo, J.",Azusa Pacific University vs Biola University,,,00:00:02.8,,"Mead, T.","Castillo, J.",T9,14,7,1B-2B,1,2,1,Foul,Fastball,86,"","",,,T,1,9,Azusa Pacific University,Biola University,7,12
7,235,"Mead, T. VS Castillo, J.",Azusa Pacific University vs Biola University,,,00:00:03.0,,"Mead, T.","Castillo, J.",T9,14,7,1B-2B,1,2,2,Ball,Curveball,70,"","",,,T,1,9,Azusa Pacific University,Biola University,7,12
7,236,"Mead, T. VS Castillo, J.",Azusa Pacific University vs Biola University,,,00:00:08.1,,"Mead, T.","Castillo, J.",T9,14,7,1B-2B,1,3,2,BIP,Fastball,87,Popup,Infield Fly Rule,,,T,1,9,Azusa Pacific University,Biola University,7,12
7,237,"Mead, T. VS Marshman, C.",Azusa Pacific University vs Biola University,,,00:00:02.3,,"Mead, T.","Marshman, C.",T9,14,7,1B-2B,2,0,0,Strike Taken,Curveball,69,"","",,,T,1,9,Azusa Pacific University,Biola University,7,13
7,238,"Mead, T. VS Marshman, C.",Azusa Pacific University vs Biola University,,,00:00:03.1,,"Mead, T.","Marshman, C.",T9,14,7,1B-2B,2,0,1,Ball,Curveball,69,"","",,,T,1,9,Azusa Pacific University,Biola University,7,13
7,239,"Mead, T. VS Marshman, C.",Azusa Pacific University vs Biola University,,,00:00:06.3,,"Mead, T.","Marshman, C.",T9,14,7,1B-2B,2,1,1,BIP,Fastball,0,Ground Ball,Fielder's Choice - Safe,,,T,1,9,Azusa Pacific University,Biola University,7,13
8,240,"Mead, T. VS Aguilar, C.",Biola University vs Cal Poly-Pomona,,,00:00:02.7,,"Mead, T.","Aguilar, C.",B9,6,2, - ,0,0,0,Strike Taken,Fastball,90,"","",,,B,0,9,Biola University,Cal Poly-Pomona,6,1
8,241,"Mead, T. VS Aguilar, C.",Biola University vs Cal Poly-Pomona,,,00:00:02.7,,"Mead, T.","Aguilar, C.",B9,6,2, - ,0,0,1,Ball,Fastball,89,"","",,,B,0,9,Biola University,Cal Poly-Pomona,6,1
8,242,"Mead, T. VS Aguilar, C.",Biola University vs Cal Poly-Pomona,,,00:00:06.1,,"Mead, T.","Aguilar, C.",B9,6,2, - ,0,1,1,BIP,Fastball,90,Ground Ball,Groundout,,,B,0,9,Biola University,Cal Poly-Pomona,6,1
8,243,"Mead, T. VS Lawson, C.",Biola University vs Cal Poly-Pomona,,,00:00:02.6,,"Mead, T.","Lawson, C.",B9,6,2, - ,1,0,0,Strike Taken,Fastball,89,"","",,,B,0,9,Biola University,Cal Poly-Pomona,6,2
8,244,"Mead, T. VS Lawson, C.",Biola University vs Cal Poly-Pomona,,,00:00:02.8,,"Mead, T.","Lawson, C.",B9,6,2, - ,1,0,1,Strike Taken,Curveball,72,"","",,,B,0,9,Biola University,Cal Poly-Pomona,6,2
8,245,"Mead, T. VS Lawson, C.",Biola University vs Cal Poly-Pomona,,,00:00:04.1,,"Mead, T.","Lawson, C.",B9,6,2, - ,1,0,2,Foul,Curveball,73,"","",,,B,0,9,Biola University,Cal Poly-Pomona,6,2
8,246,"Mead, T. VS Lawson, C.",Biola University vs Cal Poly-Pomona,,,00:00:02.4,,"Mead, T.","Lawson, C.",B9,6,2, - ,1,0,2,Ball,Fastball,90,"","",,,B,0,9,Biola University,Cal Poly-Pomona,6,2
8,247,"Mead, T. VS Lawson, C.",Biola University vs Cal Poly-Pomona,,,00:00:03.3,,"Mead, T.","Lawson, C.",B9,6,2, - ,1,1,2,Strike Taken,Curveball,71,"","",Strikeout,,B,0,9,Biola University,Cal Poly-Pomona,6,2
8,248,"Mead, T. VS Long, D.",Biola University vs Cal Poly-Pomona,,,00:00:02.9,,"Mead, T.","Long, D.",B9,6,2, - ,2,0,0,Strike Taken,Curveball,71,"","",,,B,0,9,Biola University,Cal Poly-Pomona,6,3
8,249,"Mead, T. VS Long, D.",Biola University vs Cal Poly-Pomona,,,00:00:02.6,,"Mead, T.","Long, D.",B9,6,2, - ,2,0,1,Ball,Curveball,68,"","",,,B,0,9,Biola University,Cal Poly-Pomona,6,3
8,250,"Mead, T. VS Long, D.",Biola University vs Cal Poly-Pomona,,,00:00:08.8,,"Mead, T.","Long, D.",B9,6,2, - ,2,1,1,BIP,Fastball,89,Line Drive,Single,,,B,0,9,Biola University,Cal Poly-Pomona,6,3
8,251,"Mead, T. VS Slattery, C.",Biola University vs Cal Poly-Pomona,,,00:00:03.1,,"Mead, T.","Slattery, C.",B9,6,2,1B,2,0,0,Foul,Fastball,0,"","",,,B,0,9,Biola University,Cal Poly-Pomona,6,4
8,252,"Mead, T. VS Slattery, C.",Biola University vs Cal Poly-Pomona,,,00:00:02.9,,"Mead, T.","Slattery, C.",B9,6,2,1B,2,0,1,Ball,Curveball,71,"","",,,B,0,9,Biola University,Cal Poly-Pomona,6,4
8,253,"Mead, T. VS Slattery, C.",Biola University vs Cal Poly-Pomona,,,00:00:02.9,,"Mead, T.","Slattery, C.",B9,6,2,1B,2,1,1,Strike Taken,Curveball,71,"","",,,B,0,9,Biola University,Cal Poly-Pomona,6,4
8,254,"Mead, T. VS Slattery, C.",Biola University vs Cal Poly-Pomona,,,00:00:02.6,,"Mead, T.","Slattery, C.",B9,6,2,1B,2,1,2,Ball,Curveball,70,"","",,,B,0,9,Biola University,Cal Poly-Pomona,6,4
8,255,"Mead, T. VS Slattery, C.",Biola University vs Cal Poly-Pomona,,,00:00:07.0,,"Mead, T.","Slattery, C.",B9,6,2,1B,2,2,2,BIP,Fastball,89,Ground Ball,Groundout,,,B,0,9,Biola University,Cal Poly-Pomona,6,4
9,256,"Mead, T. VS Gallagher, J.",University of Hawaii at Hilo vs Biola University,,,00:00:03.4,,"Mead, T.","Gallagher, J.",T9,3,6,1B-3B,2,0,0,Ball,Curveball,0,"","",,,T,1,9,University of Hawaii at Hilo,Biola University,6,1
9,257,"Mead, T. VS Gallagher, J.",University of Hawaii at Hilo vs Biola University,,,00:00:03.0,,"Mead, T.","Gallagher, J.",T9,3,6,1B-3B,2,1,0,Strike Taken,Curveball,0,"","",,,T,1,9,University of Hawaii at Hilo,Biola University,6,1
9,258,"Mead, T. VS Gallagher, J.",University of Hawaii at Hilo vs Biola University,,,00:00:08.1,,"Mead, T.","Gallagher, J.",T9,3,6,1B-3B,2,1,1,BIP,Curveball,0,Ground Ball,Groundout,,,T,1,9,University of Hawaii at Hilo,Biola University,6,1
10,259,"Mead, T. VS Lontz, V.",Biola University vs Academy of Art University,,,00:00:01.7,,"Mead, T.","Lontz, V.",B7,13,1, - ,0,0,0,Strike Swinging,Fastball,89,"","",,,B,0,7,Biola University,Academy of Art University,13,1
10,260,"Mead, T. VS Lontz, V.",Biola University vs Academy of Art University,,,00:00:05.8,,"Mead, T.","Lontz, V.",B7,13,1, - ,0,0,1,BIP,Fastball,90,Fly Ball,Flyout,,,B,0,7,Biola University,Academy of Art University,13,1
10,261,"Mead, T. VS Gamboa, R.",Biola University vs Academy of Art University,,,00:00:01.6,,"Mead, T.","Gamboa, R.",B7,13,1, - ,1,0,0,Strike Swinging,Curveball,70,"","",,,B,0,7,Biola University,Academy of Art University,13,2
10,262,"Mead, T. VS Gamboa, R.",Biola University vs Academy of Art University,,,00:00:01.4,,"Mead, T.","Gamboa, R.",B7,13,1, - ,1,0,1,Ball,Fastball,90,"","",,,B,0,7,Biola University,Academy of Art University,13,2
10,263,"Mead, T. VS Gamboa, R.",Biola University vs Academy of Art University,,,00:00:01.7,,"Mead, T.","Gamboa, R.",B7,13,1, - ,1,1,1,Strike Swinging,Fastball,90,"","",,,B,0,7,Biola University,Academy of Art University,13,2
10,264,"Mead, T. VS Gamboa, R.",Biola University vs Academy of Art University,,,00:00:05.8,,"Mead, T.","Gamboa, R.",B7,13,1, - ,1,1,2,Strike Swinging,Fastball,0,"","",Strikeout,,B,0,7,Biola University,Academy of Art University,13,2
10,265,"Mead, T. VS Skillman, R.",Biola University vs Academy of Art University,,,00:00:07.7,,"Mead, T.","Skillman, R.",B7,13,1, - ,2,0,0,BIP,Fastball,91,Line Drive,Single,,,B,0,7,Biola University,Academy of Art University,13,3
10,266,"Mead, T. VS Jellinek, E.",Biola University vs Academy of Art University,,,00:00:01.3,,"Mead, T.","Jellinek, E.",B7,13,1,1B,2,0,0,Strike Swinging,Fastball,88,"","",,,B,0,7,Biola University,Academy of Art University,13,4
10,267,"Mead, T. VS Jellinek, E.",Biola University vs Academy of Art University,,,00:00:01.8,,"Mead, T.","Jellinek, E.",B7,13,1,1B,2,0,1,Strike Swinging,Changeup,79,"","",,,B,0,7,Biola University,Academy of Art University,13,4
10,268,"Mead, T. VS Jellinek, E.",Biola University vs Academy of Art University,,,00:00:01.7,,"Mead, T.","Jellinek, E.",B7,13,1,1B,2,0,2,Ball,Curveball,0,"","",,,B,0,7,Biola University,Academy of Art University,13,4
10,269,"Mead, T. VS Jellinek, E.",Biola University vs Academy of Art University,,,00:00:01.6,,"Mead, T.","Jellinek, E.",B7,13,1,1B,2,1,2,Strike Taken,Curveball,70,"","",Strikeout,,B,0,7,Biola University,Academy of Art University,13,4
11,270,"Mead, T. VS Pacheco, J.",Cal State-Los Angeles vs Biola University,,,00:00:02.2,,"Mead, T.","Pacheco, J.",T6,5,7,1B-3B,1,0,0,Ball,Curveball,67,"","",,,T,1,6,Cal State-Los Angeles,Biola University,7,1
11,271,"Mead, T. VS Pacheco, J.",Cal State-Los Angeles vs Biola University,,,00:00:17.6,,"Mead, T.","Pacheco, J.",T6,5,7,1B-3B,1,1,0,BIP,Fastball,88,Line Drive,Double,,,T,1,6,Cal State-Los Angeles,Biola University,7,1
11,272,"Mead, T. VS Drozdowski, W.",Cal State-Los Angeles vs Biola University,,,00:00:14.5,,"Mead, T.","Drozdowski, W.",T6,7,7,2B,1,0,0,BIP,Changeup,80,Ground Ball,Single,,,T,1,6,Cal State-Los Angeles,Biola University,7,2
11,273,"Mead, T. VS Luff, H.",Cal State-Los Angeles vs Biola University,,,00:00:03.9,,"Mead, T.","Luff, H.",T6,7,7,1B-3B,1,0,0,Foul,Curveball,65,"","",,,T,1,6,Cal State-Los Angeles,Biola University,7,3
11,274,"Mead, T. VS Luff, H.",Cal State-Los Angeles vs Biola University,,,00:00:02.3,,"Mead, T.","Luff, H.",T6,7,7,1B-3B,1,0,1,Ball,Curveball,68,"","",,,T,1,6,Cal State-Los Angeles,Biola University,7,3
11,275,"Mead, T. VS Luff, H.",Cal State-Los Angeles vs Biola University,,,00:00:04.9,,"Mead, T.","Luff, H.",T6,7,7,1B-3B,1,1,1,Ball,Changeup,82,"","",,,T,1,6,Cal State-Los Angeles,Biola University,7,3
11,276,"Mead, T. VS Luff, H.",Cal State-Los Angeles vs Biola University,,,00:00:03.4,,"Mead, T.","Luff, H.",T6,8,7,2B,1,2,1,Ball,Fastball,90,"","",,,T,1,6,Cal State-Los Angeles,Biola University,7,3
11,277,"Mead, T. VS Luff, H.",Cal State-Los Angeles vs Biola University,,,00:00:03.5,,"Mead, T.","Luff, H.",T6,8,7,2B,1,3,1,Foul,Fastball,87,"","",,,T,1,6,Cal State-Los Angeles,Biola University,7,3
11,278,"Mead, T. VS Luff, H.",Cal State-Los Angeles vs Biola University,,,00:00:03.3,,"Mead, T.","Luff, H.",T6,8,7,2B,1,3,2,Strike Swinging,Curveball,69,"","",Strikeout,,T,1,6,Cal State-Los Angeles,Biola University,7,3
11,279,"Mead, T. VS Picketts, W.",Cal State-Los Angeles vs Biola University,,,00:00:02.0,,"Mead, T.","Picketts, W.",T6,8,7,2B,2,0,0,Ball,Curveball,0,"","",,,T,1,6,Cal State-Los Angeles,Biola University,7,4
11,280,"Mead, T. VS Picketts, W.",Cal State-Los Angeles vs Biola University,,,00:00:02.1,,"Mead, T.","Picketts, W.",T6,8,7,2B,2,1,0,Ball,Changeup,79,"","",,,T,1,6,Cal State-Los Angeles,Biola University,7,4
11,281,"Mead, T. VS Picketts, W.",Cal State-Los Angeles vs Biola University,,,00:00:02.2,,"Mead, T.","Picketts, W.",T6,8,7,2B,2,2,0,Ball,Curveball,67,"","",,,T,1,6,Cal State-Los Angeles,Biola University,7,4
11,282,"Mead, T. VS Picketts, W.",Cal State-Los Angeles vs Biola University,,,00:00:03.0,,"Mead, T.","Picketts, W.",T6,8,7,2B,2,3,0,Ball,Fastball,86,"","",Walk,,T,1,6,Cal State-Los Angeles,Biola University,7,4
11,283,"Mead, T. VS Salgado, A.",Cal State-Los Angeles vs Biola University,,,00:00:02.1,,"Mead, T.","Salgado, A.",T6,8,7,1B-3B,2,0,0,Ball,Curveball,0,"","",,,T,1,6,Cal State-Los Angeles,Biola University,7,5
11,284,"Mead, T. VS Salgado, A.",Cal State-Los Angeles vs Biola University,,,00:00:02.2,,"Mead, T.","Salgado, A.",T6,8,7,1B-3B,2,1,0,Strike Taken,Curveball,0,"","",,,T,1,6,Cal State-Los Angeles,Biola University,7,5
11,285,"Mead, T. VS Salgado, A.",Cal State-Los Angeles vs Biola University,,,00:00:02.5,,"Mead, T.","Salgado, A.",T6,8,7,1B-3B,2,1,1,Ball,Curveball,62,"","",,,T,1,6,Cal State-Los Angeles,Biola University,7,5
11,286,"Mead, T. VS Salgado, A.",Cal State-Los Angeles vs Biola University,,,00:00:02.3,,"Mead, T.","Salgado, A.",T6,8,7,1B-3B,2,2,1,Strike Taken,Curveball,62,"","",,,T,1,6,Cal State-Los Angeles,Biola University,7,5
11,287,"Mead, T. VS Salgado, A.",Cal State-Los Angeles vs Biola University,,,00:00:03.4,,"Mead, T.","Salgado, A.",T6,8,7,1B-3B,2,2,2,Ball,Changeup,0,"","",,,T,1,6,Cal State-Los Angeles,Biola University,7,5
11,288,"Mead, T. VS Salgado, A.",Cal State-Los Angeles vs Biola University,,,00:00:02.8,,"Mead, T.","Salgado, A.",T6,8,7,1B-3B,2,3,2,Strike Swinging,Curveball,70,"","",Strikeout,,T,1,6,Cal State-Los Angeles,Biola University,7,5
11,289,"Mead, T. VS Emmons, D.",Cal State-Los Angeles vs Biola University,,,00:00:12.2,,"Mead, T.","Emmons, D.",T7,8,7, - ,0,0,0,BIP,Fastball,88,Fly Ball,Flyout,,,T,1,7,Cal State-Los Angeles,Biola University,7,6
11,290,"Mead, T. VS Castaneda, G.",Cal State-Los Angeles vs Biola University,,,00:00:02.4,,"Mead, T.","Castaneda, G.",T7,8,7, - ,1,0,0,Strike Taken,Curveball,68,"","",,,T,1,7,Cal State-Los Angeles,Biola University,7,7
11,291,"Mead, T. VS Castaneda, G.",Cal State-Los Angeles vs Biola University,,,00:00:01.9,,"Mead, T.","Castaneda, G.",T7,8,7, - ,1,0,1,Ball,Fastball,89,"","",,,T,1,7,Cal State-Los Angeles,Biola University,7,7
11,292,"Mead, T. VS Castaneda, G.",Cal State-Los Angeles vs Biola University,,,00:00:02.2,,"Mead, T.","Castaneda, G.",T7,8,7, - ,1,1,1,Strike Taken,Curveball,68,"","",,,T,1,7,Cal State-Los Angeles,Biola University,7,7
11,293,"Mead, T. VS Castaneda, G.",Cal State-Los Angeles vs Biola University,,,00:00:04.4,,"Mead, T.","Castaneda, G.",T7,8,7, - ,1,1,2,Strike Swinging,Curveball,0,"","",Strikeout,,T,1,7,Cal State-Los Angeles,Biola University,7,7
11,294,"Mead, T. VS Chavez, T.",Cal State-Los Angeles vs Biola University,,,00:00:02.3,,"Mead, T.","Chavez, T.",T7,8,7, - ,2,0,0,Strike Taken,Curveball,70,"","",,,T,1,7,Cal State-Los Angeles,Biola University,7,8
11,295,"Mead, T. VS Chavez, T.",Cal State-Los Angeles vs Biola University,,,00:00:02.7,,"Mead, T.","Chavez, T.",T7,8,7, - ,2,0,1,Foul,Curveball,71,"","",,,T,1,7,Cal State-Los Angeles,Biola University,7,8
11,296,"Mead, T. VS Chavez, T.",Cal State-Los Angeles vs Biola University,,,00:00:09.4,,"Mead, T.","Chavez, T.",T7,8,7, - ,2,0,2,BIP,Curveball,69,Ground Ball,Groundout,,,T,1,7,Cal State-Los Angeles,Biola University,7,8
12,297,"Mead, T. VS Garcia, N.",Cal State-Los Angeles vs Biola University,,,00:00:09.5,,"Mead, T.","Garcia, N.",T9,7,12, - ,0,0,0,BIP,Fastball,89,Line Drive,Single,,,T,1,9,Cal State-Los Angeles,Biola University,12,1
12,298,"Mead, T. VS Atkins, N.",Cal State-Los Angeles vs Biola University,,,00:00:02.5,,"Mead, T.","Atkins, N.",T9,7,12,1B,0,0,0,Ball,Fastball,87,"","",,,T,1,9,Cal State-Los Angeles,Biola University,12,2
12,299,"Mead, T. VS Atkins, N.",Cal State-Los Angeles vs Biola University,,,00:00:02.5,,"Mead, T.","Atkins, N.",T9,7,12,1B,0,1,0,Strike Taken,Fastball,0,"","",,,T,1,9,Cal State-Los Angeles,Biola University,12,2
12,300,"Mead, T. VS Atkins, N.",Cal State-Los Angeles vs Biola University,,,00:00:03.4,,"Mead, T.","Atkins, N.",T9,7,12,1B,0,1,1,Foul,Fastball,87,"","",,,T,1,9,Cal State-Los Angeles,Biola University,12,2
12,301,"Mead, T. VS Atkins, N.",Cal State-Los Angeles vs Biola University,,,00:00:02.8,,"Mead, T.","Atkins, N.",T9,7,12,1B,0,1,2,Strike Taken,Curveball,69,"","",Strikeout,,T,1,9,Cal State-Los Angeles,Biola University,12,2
12,302,"Mead, T. VS Pacheco, J.",Cal State-Los Angeles vs Biola University,,,00:00:02.4,,"Mead, T.","Pacheco, J.",T9,7,12,1B,1,0,0,Strike Taken,Curveball,71,"","",,,T,1,9,Cal State-Los Angeles,Biola University,12,3
12,303,"Mead, T. VS Pacheco, J.",Cal State-Los Angeles vs Biola University,,,00:00:02.9,,"Mead, T.","Pacheco, J.",T9,7,12,1B,1,0,1,Strike Swinging,Curveball,69,"","",,,T,1,9,Cal State-Los Angeles,Biola University,12,3
12,304,"Mead, T. VS Pacheco, J.",Cal State-Los Angeles vs Biola University,,,00:00:07.2,,"Mead, T.","Pacheco, J.",T9,7,12,1B,1,0,2,BIP,Curveball,65,Ground Ball,Fielder's Choice - Out,,,T,1,9,Cal State-Los Angeles,Biola University,12,3
12,305,"Mead, T. VS Drozdowski, W.",Cal State-Los Angeles vs Biola University,,,00:00:03.2,,"Mead, T.","Drozdowski, W.",T9,7,12,1B,2,0,0,Ball,Changeup,79,"","",,,T,1,9,Cal State-Los Angeles,Biola University,12,4
12,306,"Mead, T. VS Drozdowski, W.",Cal State-Los Angeles vs Biola University,,,00:00:03.9,,"Mead, T.","Drozdowski, W.",T9,7,12,1B,2,1,0,Ball,Fastball,88,"","",,,T,1,9,Cal State-Los Angeles,Biola University,12,4
12,307,"Mead, T. VS Drozdowski, W.",Cal State-Los Angeles vs Biola University,,,00:00:02.7,,"Mead, T.","Drozdowski, W.",T9,7,12,1B,2,2,0,Strike Taken,Fastball,87,"","",,,T,1,9,Cal State-Los Angeles,Biola University,12,4
12,308,"Mead, T. VS Drozdowski, W.",Cal State-Los Angeles vs Biola University,,,00:00:02.9,,"Mead, T.","Drozdowski, W.",T9,7,12,1B,2,2,1,Foul,Fastball,84,"","",,,T,1,9,Cal State-Los Angeles,Biola University,12,4
12,309,"Mead, T. VS Drozdowski, W.",Cal State-Los Angeles vs Biola University,,,00:00:08.4,,"Mead, T.","Drozdowski, W.",T9,7,12,1B,2,2,2,BIP,Curveball,69,Ground Ball,Groundout,,,T,1,9,Cal State-Los Angeles,Biola University,12,4
